?class	?label	?xref
<http://www.semanticweb.org/msh/ontologies/2023/1/IRD>	"IRD_6_Congenital & Stationary Retinal Diseases"	"UMLS:C4073105"
<http://www.semanticweb.org/msh/ontologies/2023/1/IRD>	"IRD_6_Congenital & Stationary Retinal Diseases"	"SCTID:232061009"
<http://www.semanticweb.org/msh/ontologies/2023/1/IRD#AICA-ribosiduria>	"IRD_5_1_AICA-ribosiduria"	"UMLS:C1837530"
<http://www.semanticweb.org/msh/ontologies/2023/1/IRD#AICA-ribosiduria>	"IRD_5_1_AICA-ribosiduria"	"ICD11:5C55.0Y"
<http://www.semanticweb.org/msh/ontologies/2023/1/IRD#AICA-ribosiduria>	"IRD_5_1_AICA-ribosiduria"	"Orphanet:250977"
<http://www.semanticweb.org/msh/ontologies/2023/1/IRD#ARIMA_syndrome>	"IRD_5_29_1_ARIMA_syndrome"	"UMLS:C1855675"
<http://www.semanticweb.org/msh/ontologies/2023/1/IRD#ARIMA_syndrome>	"IRD_5_29_1_ARIMA_syndrome"	"ICD11:LD20.0Y"
<http://www.semanticweb.org/msh/ontologies/2023/1/IRD#ARIMA_syndrome>	"IRD_5_29_1_ARIMA_syndrome"	"OMIM:243910"
<http://www.semanticweb.org/msh/ontologies/2023/1/IRD#ARIMA_syndrome>	"IRD_5_29_1_ARIMA_syndrome"	"Orphanet:2318"
<http://www.semanticweb.org/msh/ontologies/2023/1/IRD#ARIMA_syndrome>	"IRD_5_29_1_ARIMA_syndrome"	"SCTID:721862000"
<http://www.semanticweb.org/msh/ontologies/2023/1/IRD#Achromatopsia_(Rod_Monochromacy)>	"IRD_6_3_1_Achromatopsia_(Rod_Monochromacy)"	"UMLS:C0152200"
<http://www.semanticweb.org/msh/ontologies/2023/1/IRD#Achromatopsia_(Rod_Monochromacy)>	"IRD_6_3_1_Achromatopsia_(Rod_Monochromacy)"	"ICD11:9B70"
<http://www.semanticweb.org/msh/ontologies/2023/1/IRD#Achromatopsia_(Rod_Monochromacy)>	"IRD_6_3_1_Achromatopsia_(Rod_Monochromacy)"	"Orphanet:49382"
<http://www.semanticweb.org/msh/ontologies/2023/1/IRD#Achromatopsia_(Rod_Monochromacy)>	"IRD_6_3_1_Achromatopsia_(Rod_Monochromacy)"	"SCTID:56852002"
<http://www.semanticweb.org/msh/ontologies/2023/1/IRD#Adult-onset_foveomacular_vitelliform_dystrophy>	"IRD_2_2_2_Adult-onset_foveomacular_vitelliform_dystrophy"	"ICD11:9B70"
<http://www.semanticweb.org/msh/ontologies/2023/1/IRD#Adult-onset_foveomacular_vitelliform_dystrophy>	"IRD_2_2_2_Adult-onset_foveomacular_vitelliform_dystrophy"	"OMIM:608161"
<http://www.semanticweb.org/msh/ontologies/2023/1/IRD#Adult-onset_foveomacular_vitelliform_dystrophy>	"IRD_2_2_2_Adult-onset_foveomacular_vitelliform_dystrophy"	"Orphanet:99000"
<http://www.semanticweb.org/msh/ontologies/2023/1/IRD#Adult-onset_foveomacular_vitelliform_dystrophy>	"IRD_2_2_2_Adult-onset_foveomacular_vitelliform_dystrophy"	"SCTID:232049001"
<http://www.semanticweb.org/msh/ontologies/2023/1/IRD#Adult_Refsum_disease>	"IRD_5_55_1_Adult_Refsum_disease"	"UMLS:C0034960"
<http://www.semanticweb.org/msh/ontologies/2023/1/IRD#Adult_Refsum_disease>	"IRD_5_55_1_Adult_Refsum_disease"	"Orphanet:773"
<http://www.semanticweb.org/msh/ontologies/2023/1/IRD#Aland_Island_eye_disease;_AIED>	"IRD_6_1_2_1_Aland_Island_eye_disease;_AIED"	"UMLS:C4510939"
<http://www.semanticweb.org/msh/ontologies/2023/1/IRD#Aland_Island_eye_disease;_AIED>	"IRD_6_1_2_1_Aland_Island_eye_disease;_AIED"	"ICD11:9B7Y"
<http://www.semanticweb.org/msh/ontologies/2023/1/IRD#Aland_Island_eye_disease;_AIED>	"IRD_6_1_2_1_Aland_Island_eye_disease;_AIED"	"OMIM:300600"
<http://www.semanticweb.org/msh/ontologies/2023/1/IRD#Aland_Island_eye_disease;_AIED>	"IRD_6_1_2_1_Aland_Island_eye_disease;_AIED"	"Orphanet:178333"
<http://www.semanticweb.org/msh/ontologies/2023/1/IRD#Aland_Island_eye_disease;_AIED>	"IRD_6_1_2_1_Aland_Island_eye_disease;_AIED"	"SCTID:725168006"
<http://www.semanticweb.org/msh/ontologies/2023/1/IRD#Alstrom_syndrome>	"IRD_5_2_Alstrom_syndrome"	"UMLS:C0268425"
<http://www.semanticweb.org/msh/ontologies/2023/1/IRD#Alstrom_syndrome>	"IRD_5_2_Alstrom_syndrome"	"ICD11:LD2H.Y"
<http://www.semanticweb.org/msh/ontologies/2023/1/IRD#Alstrom_syndrome>	"IRD_5_2_Alstrom_syndrome"	"OMIM:203800"
<http://www.semanticweb.org/msh/ontologies/2023/1/IRD#Alstrom_syndrome>	"IRD_5_2_Alstrom_syndrome"	"Orphanet:64"
<http://www.semanticweb.org/msh/ontologies/2023/1/IRD#Alstrom_syndrome>	"IRD_5_2_Alstrom_syndrome"	"SCTID:63702009"
<http://www.semanticweb.org/msh/ontologies/2023/1/IRD#Amaurosis_–_hypertrichosis>	"IRD_5_3_Amaurosis_–_hypertrichosis"	"UMLS:C1857588"
<http://www.semanticweb.org/msh/ontologies/2023/1/IRD#Amaurosis_–_hypertrichosis>	"IRD_5_3_Amaurosis_–_hypertrichosis"	"ICD11:9B70"
<http://www.semanticweb.org/msh/ontologies/2023/1/IRD#Amaurosis_–_hypertrichosis>	"IRD_5_3_Amaurosis_–_hypertrichosis"	"Orphanet:1021"
<http://www.semanticweb.org/msh/ontologies/2023/1/IRD#Amaurosis_–_hypertrichosis>	"IRD_5_3_Amaurosis_–_hypertrichosis"	"SCTID:720983002"
<http://www.semanticweb.org/msh/ontologies/2023/1/IRD#Atypical_vitelliform_degenerations>	"IRD_2_2_4_Atypical_vitelliform_degenerations"	"UMLS:C1835178"
<http://www.semanticweb.org/msh/ontologies/2023/1/IRD#Atypical_vitelliform_degenerations>	"IRD_2_2_4_Atypical_vitelliform_degenerations"	"SCTID:112231000+90036004"
<http://www.semanticweb.org/msh/ontologies/2023/1/IRD#Autosomal_recessive_choroidopathy_microcephaly_syndrome>	"IRD_5_4_Autosomal_recessive_choroidopathy_microcephaly_syndrome"	"UMLS:C4749272"
<http://www.semanticweb.org/msh/ontologies/2023/1/IRD#Autosomal_recessive_leukoencephalopathy-_ischemic_stroke-_retinitis_pigmentosa_syndrome>	"IRD_5_5_Autosomal_recessive_leukoencephalopathy-_ischemic_stroke-_retinitis_pigmentosa_syndrome"	"UMLS:C4749919"
<http://www.semanticweb.org/msh/ontologies/2023/1/IRD#Autosomal_recessive_leukoencephalopathy-_ischemic_stroke-_retinitis_pigmentosa_syndrome>	"IRD_5_5_Autosomal_recessive_leukoencephalopathy-_ischemic_stroke-_retinitis_pigmentosa_syndrome"	"Orphanet:314572"
<http://www.semanticweb.org/msh/ontologies/2023/1/IRD#Autosomal_recessive_leukoencephalopathy-_ischemic_stroke-_retinitis_pigmentosa_syndrome>	"IRD_5_5_Autosomal_recessive_leukoencephalopathy-_ischemic_stroke-_retinitis_pigmentosa_syndrome"	"SCTID:771476007"
<http://www.semanticweb.org/msh/ontologies/2023/1/IRD#Bardet-Biedl_syndrome>	"IRD_5_6_Bardet-Biedl_syndrome"	"UMLS:C0752166"
<http://www.semanticweb.org/msh/ontologies/2023/1/IRD#Bardet-Biedl_syndrome>	"IRD_5_6_Bardet-Biedl_syndrome"	"ICD11:5A61.0"
<http://www.semanticweb.org/msh/ontologies/2023/1/IRD#Bardet-Biedl_syndrome>	"IRD_5_6_Bardet-Biedl_syndrome"	"Orphanet:110"
<http://www.semanticweb.org/msh/ontologies/2023/1/IRD#Bardet-Biedl_syndrome>	"IRD_5_6_Bardet-Biedl_syndrome"	"SCTID:5619004"
<http://www.semanticweb.org/msh/ontologies/2023/1/IRD#Basal_laminar_drusen>	"IRD_2_2_5_1_Basal_laminar_drusen"	"UMLS:C0730295"
<http://www.semanticweb.org/msh/ontologies/2023/1/IRD#Basal_laminar_drusen>	"IRD_2_2_5_1_Basal_laminar_drusen"	"OMIM:126700"
<http://www.semanticweb.org/msh/ontologies/2023/1/IRD#Basal_laminar_drusen>	"IRD_2_2_5_1_Basal_laminar_drusen"	"SCTID:312926005"
<http://www.semanticweb.org/msh/ontologies/2023/1/IRD#Bassen-Kornzweig_syndrome>	"IRD_5_7_Bassen-Kornzweig_syndrome"	"UMLS:C0000744"
<http://www.semanticweb.org/msh/ontologies/2023/1/IRD#Bassen-Kornzweig_syndrome>	"IRD_5_7_Bassen-Kornzweig_syndrome"	"ICD11:5C81.1"
<http://www.semanticweb.org/msh/ontologies/2023/1/IRD#Bassen-Kornzweig_syndrome>	"IRD_5_7_Bassen-Kornzweig_syndrome"	"OMIM:200100"
<http://www.semanticweb.org/msh/ontologies/2023/1/IRD#Bassen-Kornzweig_syndrome>	"IRD_5_7_Bassen-Kornzweig_syndrome"	"Orphanet:14"
<http://www.semanticweb.org/msh/ontologies/2023/1/IRD#Bassen-Kornzweig_syndrome>	"IRD_5_7_Bassen-Kornzweig_syndrome"	"SCTID:190787008"
<http://www.semanticweb.org/msh/ontologies/2023/1/IRD#Best_disease>	"IRD_2_2_1_Best_disease"	"ICD11:9B70"
<http://www.semanticweb.org/msh/ontologies/2023/1/IRD#Bestrophinopathy_(Bestrophinopathy,_autosomal_recessive;_ARB)>	"IRD_2_2_3_Bestrophinopathy_(Bestrophinopathy,_autosomal_recessive;_ARB)"	"UMLS:C2678493"
<http://www.semanticweb.org/msh/ontologies/2023/1/IRD#Bestrophinopathy_(Bestrophinopathy,_autosomal_recessive;_ARB)>	"IRD_2_2_3_Bestrophinopathy_(Bestrophinopathy,_autosomal_recessive;_ARB)"	"OMIM:611809"
<http://www.semanticweb.org/msh/ontologies/2023/1/IRD#Bestrophinopathy_(Bestrophinopathy,_autosomal_recessive;_ARB)>	"IRD_2_2_3_Bestrophinopathy_(Bestrophinopathy,_autosomal_recessive;_ARB)"	"Orphanet:139455"
<http://www.semanticweb.org/msh/ontologies/2023/1/IRD#Bestrophinopathy_(Bestrophinopathy,_autosomal_recessive;_ARB)>	"IRD_2_2_3_Bestrophinopathy_(Bestrophinopathy,_autosomal_recessive;_ARB)"	"SCTID:723828008"
<http://www.semanticweb.org/msh/ontologies/2023/1/IRD#Bietti_crystalline_retinopathy;_BCD>	"IRD_3_1_6_Bietti_crystalline_retinopathy;_BCD"	"UMLS:C1859486"
<http://www.semanticweb.org/msh/ontologies/2023/1/IRD#Bietti_crystalline_retinopathy;_BCD>	"IRD_3_1_6_Bietti_crystalline_retinopathy;_BCD"	"ICD11:9B61"
<http://www.semanticweb.org/msh/ontologies/2023/1/IRD#Bietti_crystalline_retinopathy;_BCD>	"IRD_3_1_6_Bietti_crystalline_retinopathy;_BCD"	"OMIM:210370"
<http://www.semanticweb.org/msh/ontologies/2023/1/IRD#Bietti_crystalline_retinopathy;_BCD>	"IRD_3_1_6_Bietti_crystalline_retinopathy;_BCD"	"Orphanet:41751"
<http://www.semanticweb.org/msh/ontologies/2023/1/IRD#Bietti_crystalline_retinopathy;_BCD>	"IRD_3_1_6_Bietti_crystalline_retinopathy;_BCD"	"SCTID:312927001"
<http://www.semanticweb.org/msh/ontologies/2023/1/IRD#Blue_cone_monochromatism;_BCM>	"IRD_6_3_2_Blue_cone_monochromatism;_BCM"	"UMLS:C0339537"
<http://www.semanticweb.org/msh/ontologies/2023/1/IRD#Blue_cone_monochromatism;_BCM>	"IRD_6_3_2_Blue_cone_monochromatism;_BCM"	"ICD11:9B70"
<http://www.semanticweb.org/msh/ontologies/2023/1/IRD#Blue_cone_monochromatism;_BCM>	"IRD_6_3_2_Blue_cone_monochromatism;_BCM"	"OMIM:303700"
<http://www.semanticweb.org/msh/ontologies/2023/1/IRD#Blue_cone_monochromatism;_BCM>	"IRD_6_3_2_Blue_cone_monochromatism;_BCM"	"Orphanet:16"
<http://www.semanticweb.org/msh/ontologies/2023/1/IRD#Blue_cone_monochromatism;_BCM>	"IRD_6_3_2_Blue_cone_monochromatism;_BCM"	"SCTID:789676005"
<http://www.semanticweb.org/msh/ontologies/2023/1/IRD#Bornholm_Eye_Disease_(X-Linked_Cone_Dysfunction_Syndrome_With_Dichromacy)>	"IRD_6_3_3_Bornholm_Eye_Disease_(X-Linked_Cone_Dysfunction_Syndrome_With_Dichromacy)"	"UMLS:C3159311"
<http://www.semanticweb.org/msh/ontologies/2023/1/IRD#Bornholm_Eye_Disease_(X-Linked_Cone_Dysfunction_Syndrome_With_Dichromacy)>	"IRD_6_3_3_Bornholm_Eye_Disease_(X-Linked_Cone_Dysfunction_Syndrome_With_Dichromacy)"	"ICD11:9B70"
<http://www.semanticweb.org/msh/ontologies/2023/1/IRD#Bornholm_Eye_Disease_(X-Linked_Cone_Dysfunction_Syndrome_With_Dichromacy)>	"IRD_6_3_3_Bornholm_Eye_Disease_(X-Linked_Cone_Dysfunction_Syndrome_With_Dichromacy)"	"OMIM:300843"
<http://www.semanticweb.org/msh/ontologies/2023/1/IRD#Bornholm_Eye_Disease_(X-Linked_Cone_Dysfunction_Syndrome_With_Dichromacy)>	"IRD_6_3_3_Bornholm_Eye_Disease_(X-Linked_Cone_Dysfunction_Syndrome_With_Dichromacy)"	"Orphanet:90001"
<http://www.semanticweb.org/msh/ontologies/2023/1/IRD#Bornholm_Eye_Disease_(X-Linked_Cone_Dysfunction_Syndrome_With_Dichromacy)>	"IRD_6_3_3_Bornholm_Eye_Disease_(X-Linked_Cone_Dysfunction_Syndrome_With_Dichromacy)"	"SCTID:718718009"
<http://www.semanticweb.org/msh/ontologies/2023/1/IRD#Bothnia_retinal_dystrophy>	"IRD_1_6_Bothnia_retinal_dystrophy"	"UMLS:C1843816"
<http://www.semanticweb.org/msh/ontologies/2023/1/IRD#Bothnia_retinal_dystrophy>	"IRD_1_6_Bothnia_retinal_dystrophy"	"ICD11:9B70"
<http://www.semanticweb.org/msh/ontologies/2023/1/IRD#Bothnia_retinal_dystrophy>	"IRD_1_6_Bothnia_retinal_dystrophy"	"OMIM:607475"
<http://www.semanticweb.org/msh/ontologies/2023/1/IRD#Bothnia_retinal_dystrophy>	"IRD_1_6_Bothnia_retinal_dystrophy"	"Orphanet:85128"
<http://www.semanticweb.org/msh/ontologies/2023/1/IRD#Bothnia_retinal_dystrophy>	"IRD_1_6_Bothnia_retinal_dystrophy"	"SCTID:715647007"
<http://www.semanticweb.org/msh/ontologies/2023/1/IRD#Brachydactyly-short_stature-retinitis_pigmentosa_syndrome;_RPSKA>	"IRD_5_8_Brachydactyly-short_stature-retinitis_pigmentosa_syndrome;_RPSKA"	"UMLS:C5190709"
<http://www.semanticweb.org/msh/ontologies/2023/1/IRD#Brachydactyly-short_stature-retinitis_pigmentosa_syndrome;_RPSKA>	"IRD_5_8_Brachydactyly-short_stature-retinitis_pigmentosa_syndrome;_RPSKA"	"OMIM:"
<http://www.semanticweb.org/msh/ontologies/2023/1/IRD#Brachydactyly-short_stature-retinitis_pigmentosa_syndrome;_RPSKA>	"IRD_5_8_Brachydactyly-short_stature-retinitis_pigmentosa_syndrome;_RPSKA"	"Orphanet:166035"
<http://www.semanticweb.org/msh/ontologies/2023/1/IRD#Brachydactyly-short_stature-retinitis_pigmentosa_syndrome;_RPSKA>	"IRD_5_8_Brachydactyly-short_stature-retinitis_pigmentosa_syndrome;_RPSKA"	"SCTID:782914000"
<http://www.semanticweb.org/msh/ontologies/2023/1/IRD#Butterfly-shaped_pigment_dystrophy>	"IRD_2_3_1_Butterfly-shaped_pigment_dystrophy"	"UMLS:C4511237"
<http://www.semanticweb.org/msh/ontologies/2023/1/IRD#Butterfly-shaped_pigment_dystrophy>	"IRD_2_3_1_Butterfly-shaped_pigment_dystrophy"	"ICD11:9B70"
<http://www.semanticweb.org/msh/ontologies/2023/1/IRD#Butterfly-shaped_pigment_dystrophy>	"IRD_2_3_1_Butterfly-shaped_pigment_dystrophy"	"Orphanet:99001"
<http://www.semanticweb.org/msh/ontologies/2023/1/IRD#Butterfly-shaped_pigment_dystrophy>	"IRD_2_3_1_Butterfly-shaped_pigment_dystrophy"	"SCTID:725590001"
<http://www.semanticweb.org/msh/ontologies/2023/1/IRD#Central_areolar_choroidal_dystrophy>	"IRD_3_2_2_Central_areolar_choroidal_dystrophy"	"UMLS:C2880771"
<http://www.semanticweb.org/msh/ontologies/2023/1/IRD#Central_areolar_choroidal_dystrophy>	"IRD_3_2_2_Central_areolar_choroidal_dystrophy"	"ICD11:9B61"
<http://www.semanticweb.org/msh/ontologies/2023/1/IRD#Central_areolar_choroidal_dystrophy>	"IRD_3_2_2_Central_areolar_choroidal_dystrophy"	"Orphanet:75377"
<http://www.semanticweb.org/msh/ontologies/2023/1/IRD#Central_areolar_choroidal_dystrophy>	"IRD_3_2_2_Central_areolar_choroidal_dystrophy"	"SCTID:231996009"
<http://www.semanticweb.org/msh/ontologies/2023/1/IRD#Ceroid_lipofuscinosis,_neuronal>	"IRD_5_9_Ceroid_lipofuscinosis,_neuronal"	"UMLS:C0027877"
<http://www.semanticweb.org/msh/ontologies/2023/1/IRD#Ceroid_lipofuscinosis,_neuronal>	"IRD_5_9_Ceroid_lipofuscinosis,_neuronal"	"ICD11:5C56.1"
<http://www.semanticweb.org/msh/ontologies/2023/1/IRD#Ceroid_lipofuscinosis,_neuronal>	"IRD_5_9_Ceroid_lipofuscinosis,_neuronal"	"Orphanet:216"
<http://www.semanticweb.org/msh/ontologies/2023/1/IRD#Ceroid_lipofuscinosis,_neuronal>	"IRD_5_9_Ceroid_lipofuscinosis,_neuronal"	"SCTID:58258004"
<http://www.semanticweb.org/msh/ontologies/2023/1/IRD#Choroideremia,_deafness,_and_mental_retardation>	"IRD_5_10_Choroideremia,_deafness,_and_mental_retardation"	"UMLS:C3551019"
<http://www.semanticweb.org/msh/ontologies/2023/1/IRD#Choroideremia,_deafness,_and_mental_retardation>	"IRD_5_10_Choroideremia,_deafness,_and_mental_retardation"	"OMIM:303110"
<http://www.semanticweb.org/msh/ontologies/2023/1/IRD#Choroideremia,_deafness,_and_mental_retardation>	"IRD_5_10_Choroideremia,_deafness,_and_mental_retardation"	"SCTID:717761005"
<http://www.semanticweb.org/msh/ontologies/2023/1/IRD#Choroideremia;_CHM>	"IRD_3_1_2_Choroideremia;_CHM"	"UMLS:C0008525"
<http://www.semanticweb.org/msh/ontologies/2023/1/IRD#Choroideremia;_CHM>	"IRD_3_1_2_Choroideremia;_CHM"	"ICD11:9B61"
<http://www.semanticweb.org/msh/ontologies/2023/1/IRD#Choroideremia;_CHM>	"IRD_3_1_2_Choroideremia;_CHM"	"OMIM:303100"
<http://www.semanticweb.org/msh/ontologies/2023/1/IRD#Choroideremia;_CHM>	"IRD_3_1_2_Choroideremia;_CHM"	"Orphanet:180"
<http://www.semanticweb.org/msh/ontologies/2023/1/IRD#Choroideremia;_CHM>	"IRD_3_1_2_Choroideremia;_CHM"	"SCTID:75241009"
<http://www.semanticweb.org/msh/ontologies/2023/1/IRD#Choroideremia_–_hypopituitarism>	"IRD_3_1_3_Choroideremia_–_hypopituitarism"	"UMLS:C4275146"
<http://www.semanticweb.org/msh/ontologies/2023/1/IRD#Choroideremia_–_hypopituitarism>	"IRD_3_1_3_Choroideremia_–_hypopituitarism"	"ICD11:9B61"
<http://www.semanticweb.org/msh/ontologies/2023/1/IRD#Choroideremia_–_hypopituitarism>	"IRD_3_1_3_Choroideremia_–_hypopituitarism"	"SCTID:75241009+74728003"
<http://www.semanticweb.org/msh/ontologies/2023/1/IRD#Cleft_lip_retinopathy_syndrome>	"IRD_5_11_Cleft_lip_retinopathy_syndrome"	"UMLS:C2931789"
<http://www.semanticweb.org/msh/ontologies/2023/1/IRD#Cleft_lip_retinopathy_syndrome>	"IRD_5_11_Cleft_lip_retinopathy_syndrome"	"Orphanet:1995"
<http://www.semanticweb.org/msh/ontologies/2023/1/IRD#Cleft_lip_retinopathy_syndrome>	"IRD_5_11_Cleft_lip_retinopathy_syndrome"	"SCTID:732247000"
<http://www.semanticweb.org/msh/ontologies/2023/1/IRD#Cohen_syndrome;_COH1>	"IRD_5_12_Cohen_syndrome;_COH1"	"UMLS:C0265223"
<http://www.semanticweb.org/msh/ontologies/2023/1/IRD#Cohen_syndrome;_COH1>	"IRD_5_12_Cohen_syndrome;_COH1"	"ICD11:LD90.Y"
<http://www.semanticweb.org/msh/ontologies/2023/1/IRD#Cohen_syndrome;_COH1>	"IRD_5_12_Cohen_syndrome;_COH1"	"OMIM:216550"
<http://www.semanticweb.org/msh/ontologies/2023/1/IRD#Cohen_syndrome;_COH1>	"IRD_5_12_Cohen_syndrome;_COH1"	"Orphanet:193"
<http://www.semanticweb.org/msh/ontologies/2023/1/IRD#Cohen_syndrome;_COH1>	"IRD_5_12_Cohen_syndrome;_COH1"	"SCTID:56604005"
<http://www.semanticweb.org/msh/ontologies/2023/1/IRD#Coloboma_of_macula_with_type_B_brachydactyly_(Sorsby_syndrome)>	"IRD_5_13_Coloboma_of_macula_with_type_B_brachydactyly_(Sorsby_syndrome)"	"UMLS:C1852752"
<http://www.semanticweb.org/msh/ontologies/2023/1/IRD#Coloboma_of_macula_with_type_B_brachydactyly_(Sorsby_syndrome)>	"IRD_5_13_Coloboma_of_macula_with_type_B_brachydactyly_(Sorsby_syndrome)"	"ICD11:LD2F.1Y"
<http://www.semanticweb.org/msh/ontologies/2023/1/IRD#Coloboma_of_macula_with_type_B_brachydactyly_(Sorsby_syndrome)>	"IRD_5_13_Coloboma_of_macula_with_type_B_brachydactyly_(Sorsby_syndrome)"	"OMIM:"
<http://www.semanticweb.org/msh/ontologies/2023/1/IRD#Coloboma_of_macula_with_type_B_brachydactyly_(Sorsby_syndrome)>	"IRD_5_13_Coloboma_of_macula_with_type_B_brachydactyly_(Sorsby_syndrome)"	"Orphanet:1471"
<http://www.semanticweb.org/msh/ontologies/2023/1/IRD#Coloboma_of_macula_with_type_B_brachydactyly_(Sorsby_syndrome)>	"IRD_5_13_Coloboma_of_macula_with_type_B_brachydactyly_(Sorsby_syndrome)"	"SCTID:717785002"
<http://www.semanticweb.org/msh/ontologies/2023/1/IRD#Cone-_rod_dystrophy_and_hearing_loss;_CRDHL>	"IRD_5_14_Cone-_rod_dystrophy_and_hearing_loss;_CRDHL"	"UMLS:C5193018"
<http://www.semanticweb.org/msh/ontologies/2023/1/IRD#Cone-_rod_dystrophy_and_hearing_loss;_CRDHL>	"IRD_5_14_Cone-_rod_dystrophy_and_hearing_loss;_CRDHL"	"SCTID:80328002+15188001"
<http://www.semanticweb.org/msh/ontologies/2023/1/IRD#Cone-rod_dystrophy>	"IRD_1_4_Cone-rod_dystrophy"	"UMLS:C4085590"
<http://www.semanticweb.org/msh/ontologies/2023/1/IRD#Cone-rod_dystrophy>	"IRD_1_4_Cone-rod_dystrophy"	"ICD11:9B70"
<http://www.semanticweb.org/msh/ontologies/2023/1/IRD#Cone-rod_dystrophy>	"IRD_1_4_Cone-rod_dystrophy"	"Orphanet:1872"
<http://www.semanticweb.org/msh/ontologies/2023/1/IRD#Cone-rod_dystrophy>	"IRD_1_4_Cone-rod_dystrophy"	"SCTID:80328002"
<http://www.semanticweb.org/msh/ontologies/2023/1/IRD#Cone_dystrophy,_X-linked,_with_tapetal-like_sheen>	"IRD_1_5_1_Cone_dystrophy,_X-linked,_with_tapetal-like_sheen"	"UMLS:C1844775"
<http://www.semanticweb.org/msh/ontologies/2023/1/IRD#Cone_dystrophy,_X-linked,_with_tapetal-like_sheen>	"IRD_1_5_1_Cone_dystrophy,_X-linked,_with_tapetal-like_sheen"	"OMIM:"
<http://www.semanticweb.org/msh/ontologies/2023/1/IRD#Cone_dystrophy,_X-linked,_with_tapetal-like_sheen>	"IRD_1_5_1_Cone_dystrophy,_X-linked,_with_tapetal-like_sheen"	"Orphanet:1871"
<http://www.semanticweb.org/msh/ontologies/2023/1/IRD#Cone_dystrophy_with_supernormal_rod_response>	"IRD_1_5_2_Cone_dystrophy_with_supernormal_rod_response"	"UMLS:C4304714"
<http://www.semanticweb.org/msh/ontologies/2023/1/IRD#Cone_dystrophy_with_supernormal_rod_response>	"IRD_1_5_2_Cone_dystrophy_with_supernormal_rod_response"	"ICD11:9B7Y"
<http://www.semanticweb.org/msh/ontologies/2023/1/IRD#Cone_dystrophy_with_supernormal_rod_response>	"IRD_1_5_2_Cone_dystrophy_with_supernormal_rod_response"	"OMIM:610356"
<http://www.semanticweb.org/msh/ontologies/2023/1/IRD#Cone_dystrophy_with_supernormal_rod_response>	"IRD_1_5_2_Cone_dystrophy_with_supernormal_rod_response"	"Orphanet:209932"
<http://www.semanticweb.org/msh/ontologies/2023/1/IRD#Cone_dystrophy_with_supernormal_rod_response>	"IRD_1_5_2_Cone_dystrophy_with_supernormal_rod_response"	"SCTID:267613004"
<http://www.semanticweb.org/msh/ontologies/2023/1/IRD#Congenital_stationary_night_blindness_with_abnormal_fundus_(disorders_in_metabolism_of_photoreceptors)>	"IRD_6_2_Congenital_stationary_night_blindness_with_abnormal_fundus_(disorders_in_metabolism_of_photoreceptors)"	"UMLS:C4073106"
<http://www.semanticweb.org/msh/ontologies/2023/1/IRD#Congenital_stationary_night_blindness_with_abnormal_fundus_(disorders_in_metabolism_of_photoreceptors)>	"IRD_6_2_Congenital_stationary_night_blindness_with_abnormal_fundus_(disorders_in_metabolism_of_photoreceptors)"	"SCTID:232061009+263654008+65784005"
<http://www.semanticweb.org/msh/ontologies/2023/1/IRD#Congenital_stationary_night_blindness_with_normal_fundus>	"IRD_6_1_Congenital_stationary_night_blindness_with_normal_fundus"	"UMLS:C4073105"
<http://www.semanticweb.org/msh/ontologies/2023/1/IRD#Congenital_stationary_night_blindness_with_normal_fundus>	"IRD_6_1_Congenital_stationary_night_blindness_with_normal_fundus"	"SCTID:232061009"
<http://www.semanticweb.org/msh/ontologies/2023/1/IRD#Congenital_stationary_night_blindness_with_normal_fundus,_known_complete_type>	"IRD_6_1_1_Congenital_stationary_night_blindness_with_normal_fundus,_known_complete_type"	"SCTID:232061009+17621005+65784005"
<http://www.semanticweb.org/msh/ontologies/2023/1/IRD#Deafness,_cataract,_retinitis_pigmentosa,_and_sperm_abnormalities>	"IRD_5_15_Deafness,_cataract,_retinitis_pigmentosa,_and_sperm_abnormalities"	"UMLS:C2678011"
<http://www.semanticweb.org/msh/ontologies/2023/1/IRD#Deafness,_cataract,_retinitis_pigmentosa,_and_sperm_abnormalities>	"IRD_5_15_Deafness,_cataract,_retinitis_pigmentosa,_and_sperm_abnormalities"	"OMIM:300719"
<http://www.semanticweb.org/msh/ontologies/2023/1/IRD#Diffuse_degeneration_of_choroid>	"IRD_3_1_Diffuse_degeneration_of_choroid"	"SCTID:125344001+312918002"
<http://www.semanticweb.org/msh/ontologies/2023/1/IRD#Dominant_cystoid_macular_dystrophy;_DCMD>	"IRD_2_5_Dominant_cystoid_macular_dystrophy;_DCMD"	"UMLS:C0024440"
<http://www.semanticweb.org/msh/ontologies/2023/1/IRD#Dominant_cystoid_macular_dystrophy;_DCMD>	"IRD_2_5_Dominant_cystoid_macular_dystrophy;_DCMD"	"OMIM:153880"
<http://www.semanticweb.org/msh/ontologies/2023/1/IRD#Dominant_cystoid_macular_dystrophy;_DCMD>	"IRD_2_5_Dominant_cystoid_macular_dystrophy;_DCMD"	"Orphanet:75381"
<http://www.semanticweb.org/msh/ontologies/2023/1/IRD#Doyne_honeycomb_retinal_dystrophy;_DHRD>	"IRD_2_2_5_3_Doyne_honeycomb_retinal_dystrophy;_DHRD"	"UMLS:C1832174"
<http://www.semanticweb.org/msh/ontologies/2023/1/IRD#Doyne_honeycomb_retinal_dystrophy;_DHRD>	"IRD_2_2_5_3_Doyne_honeycomb_retinal_dystrophy;_DHRD"	"OMIM:126600"
<http://www.semanticweb.org/msh/ontologies/2023/1/IRD#Doyne_honeycomb_retinal_dystrophy;_DHRD>	"IRD_2_2_5_3_Doyne_honeycomb_retinal_dystrophy;_DHRD"	"Orphanet:75376"
<http://www.semanticweb.org/msh/ontologies/2023/1/IRD#EEM_syndrome_(Ectodermal_dysplasia,_ectrodactyly,_and_macular_dystrophy)>	"IRD_5_16_EEM_syndrome_(Ectodermal_dysplasia,_ectrodactyly,_and_macular_dystrophy)"	"UMLS:C1857041"
<http://www.semanticweb.org/msh/ontologies/2023/1/IRD#EEM_syndrome_(Ectodermal_dysplasia,_ectrodactyly,_and_macular_dystrophy)>	"IRD_5_16_EEM_syndrome_(Ectodermal_dysplasia,_ectrodactyly,_and_macular_dystrophy)"	"ICD11:LD27.0Y"
<http://www.semanticweb.org/msh/ontologies/2023/1/IRD#EEM_syndrome_(Ectodermal_dysplasia,_ectrodactyly,_and_macular_dystrophy)>	"IRD_5_16_EEM_syndrome_(Ectodermal_dysplasia,_ectrodactyly,_and_macular_dystrophy)"	"OMIM:225280"
<http://www.semanticweb.org/msh/ontologies/2023/1/IRD#EEM_syndrome_(Ectodermal_dysplasia,_ectrodactyly,_and_macular_dystrophy)>	"IRD_5_16_EEM_syndrome_(Ectodermal_dysplasia,_ectrodactyly,_and_macular_dystrophy)"	"Orphanet:1897"
<http://www.semanticweb.org/msh/ontologies/2023/1/IRD#EEM_syndrome_(Ectodermal_dysplasia,_ectrodactyly,_and_macular_dystrophy)>	"IRD_5_16_EEM_syndrome_(Ectodermal_dysplasia,_ectrodactyly,_and_macular_dystrophy)"	"SCTID:720856002"
<http://www.semanticweb.org/msh/ontologies/2023/1/IRD#Ectopia_lentis_-_chorioretinal_dystrophy_–_myopia_syndrome>	"IRD_3_1_5_Ectopia_lentis_-_chorioretinal_dystrophy_–_myopia_syndrome"	"UMLS:C4302545"
<http://www.semanticweb.org/msh/ontologies/2023/1/IRD#Ectopia_lentis_-_chorioretinal_dystrophy_–_myopia_syndrome>	"IRD_3_1_5_Ectopia_lentis_-_chorioretinal_dystrophy_–_myopia_syndrome"	"ICD11:LA12.Y"
<http://www.semanticweb.org/msh/ontologies/2023/1/IRD#Ectopia_lentis_-_chorioretinal_dystrophy_–_myopia_syndrome>	"IRD_3_1_5_Ectopia_lentis_-_chorioretinal_dystrophy_–_myopia_syndrome"	"Orphanet:1884"
<http://www.semanticweb.org/msh/ontologies/2023/1/IRD#Ectopia_lentis_-_chorioretinal_dystrophy_–_myopia_syndrome>	"IRD_3_1_5_Ectopia_lentis_-_chorioretinal_dystrophy_–_myopia_syndrome"	"SCTID:722437006"
<http://www.semanticweb.org/msh/ontologies/2023/1/IRD#Enhanced_S_cone_syndrome_(Goldmann-Favre_syndrome)>	"IRD_4_2_Enhanced_S_cone_syndrome_(Goldmann-Favre_syndrome)"	"UMLS:C1849394"
<http://www.semanticweb.org/msh/ontologies/2023/1/IRD#Enhanced_S_cone_syndrome_(Goldmann-Favre_syndrome)>	"IRD_4_2_Enhanced_S_cone_syndrome_(Goldmann-Favre_syndrome)"	"ICD11:9B70"
<http://www.semanticweb.org/msh/ontologies/2023/1/IRD#Enhanced_S_cone_syndrome_(Goldmann-Favre_syndrome)>	"IRD_4_2_Enhanced_S_cone_syndrome_(Goldmann-Favre_syndrome)"	"OMIM:268100"
<http://www.semanticweb.org/msh/ontologies/2023/1/IRD#Enhanced_S_cone_syndrome_(Goldmann-Favre_syndrome)>	"IRD_4_2_Enhanced_S_cone_syndrome_(Goldmann-Favre_syndrome)"	"Orphanet:53540"
<http://www.semanticweb.org/msh/ontologies/2023/1/IRD#Enhanced_S_cone_syndrome_(Goldmann-Favre_syndrome)>	"IRD_4_2_Enhanced_S_cone_syndrome_(Goldmann-Favre_syndrome)"	"SCTID:232065000"
<http://www.semanticweb.org/msh/ontologies/2023/1/IRD#Familial_Drusen>	"IRD_2_2_5_Familial_Drusen"	"UMLS:C0339513"
<http://www.semanticweb.org/msh/ontologies/2023/1/IRD#Familial_Drusen>	"IRD_2_2_5_Familial_Drusen"	"ICD11:9B70"
<http://www.semanticweb.org/msh/ontologies/2023/1/IRD#Familial_Drusen>	"IRD_2_2_5_Familial_Drusen"	"Orphanet:75376"
<http://www.semanticweb.org/msh/ontologies/2023/1/IRD#Familial_Drusen>	"IRD_2_2_5_Familial_Drusen"	"SCTID:193411004"
<http://www.semanticweb.org/msh/ontologies/2023/1/IRD#Familial_benign_flecked_retina>	"IRD_2_2_5_4_Familial_benign_flecked_retina"	"UMLS:C1856718"
<http://www.semanticweb.org/msh/ontologies/2023/1/IRD#Familial_benign_flecked_retina>	"IRD_2_2_5_4_Familial_benign_flecked_retina"	"OMIM:228980"
<http://www.semanticweb.org/msh/ontologies/2023/1/IRD#Familial_benign_flecked_retina>	"IRD_2_2_5_4_Familial_benign_flecked_retina"	"Orphanet:363989"
<http://www.semanticweb.org/msh/ontologies/2023/1/IRD#Familial_benign_flecked_retina>	"IRD_2_2_5_4_Familial_benign_flecked_retina"	"SCTID:770434009"
<http://www.semanticweb.org/msh/ontologies/2023/1/IRD#Familial_exudative_vitreoretinopathy>	"IRD_4_3_Familial_exudative_vitreoretinopathy"	"UMLS:C0339539"
<http://www.semanticweb.org/msh/ontologies/2023/1/IRD#Familial_exudative_vitreoretinopathy>	"IRD_4_3_Familial_exudative_vitreoretinopathy"	"ICD11:LA13.3"
<http://www.semanticweb.org/msh/ontologies/2023/1/IRD#Familial_exudative_vitreoretinopathy>	"IRD_4_3_Familial_exudative_vitreoretinopathy"	"Orphanet:891"
<http://www.semanticweb.org/msh/ontologies/2023/1/IRD#Familial_exudative_vitreoretinopathy>	"IRD_4_3_Familial_exudative_vitreoretinopathy"	"SCTID:232063007"
<http://www.semanticweb.org/msh/ontologies/2023/1/IRD#Familial_flecked_retinopathy>	"IRD_2_2_5_2_Familial_flecked_retinopathy"	"ICD11:9B70"
<http://www.semanticweb.org/msh/ontologies/2023/1/IRD#Familial_primary_hypomagnesemia_with_hypercalciuria_and_nephrocalcinosis_with_severe_ocular_involvement>	"IRD_5_17_Familial_primary_hypomagnesemia_with_hypercalciuria_and_nephrocalcinosis_with_severe_ocular_involvement"	"UMLS:C1855466"
<http://www.semanticweb.org/msh/ontologies/2023/1/IRD#Familial_primary_hypomagnesemia_with_hypercalciuria_and_nephrocalcinosis_with_severe_ocular_involvement>	"IRD_5_17_Familial_primary_hypomagnesemia_with_hypercalciuria_and_nephrocalcinosis_with_severe_ocular_involvement"	"ICD11:5C64.41"
<http://www.semanticweb.org/msh/ontologies/2023/1/IRD#Familial_primary_hypomagnesemia_with_hypercalciuria_and_nephrocalcinosis_with_severe_ocular_involvement>	"IRD_5_17_Familial_primary_hypomagnesemia_with_hypercalciuria_and_nephrocalcinosis_with_severe_ocular_involvement"	"OMIM:248190"
<http://www.semanticweb.org/msh/ontologies/2023/1/IRD#Familial_primary_hypomagnesemia_with_hypercalciuria_and_nephrocalcinosis_with_severe_ocular_involvement>	"IRD_5_17_Familial_primary_hypomagnesemia_with_hypercalciuria_and_nephrocalcinosis_with_severe_ocular_involvement"	"Orphanet:2196"
<http://www.semanticweb.org/msh/ontologies/2023/1/IRD#Familial_primary_hypomagnesemia_with_hypercalciuria_and_nephrocalcinosis_with_severe_ocular_involvement>	"IRD_5_17_Familial_primary_hypomagnesemia_with_hypercalciuria_and_nephrocalcinosis_with_severe_ocular_involvement"	"SCTID:725033008"
<http://www.semanticweb.org/msh/ontologies/2023/1/IRD#Familial_progressive_retinal_dystrophy-iris_coloboma-congenital_cataract_syndrome>	"IRD_5_18_Familial_progressive_retinal_dystrophy-iris_coloboma-congenital_cataract_syndrome"	"UMLS:C4225233"
<http://www.semanticweb.org/msh/ontologies/2023/1/IRD#Familial_progressive_retinal_dystrophy-iris_coloboma-congenital_cataract_syndrome>	"IRD_5_18_Familial_progressive_retinal_dystrophy-iris_coloboma-congenital_cataract_syndrome"	"OMIM:616722"
<http://www.semanticweb.org/msh/ontologies/2023/1/IRD#Familial_progressive_retinal_dystrophy-iris_coloboma-congenital_cataract_syndrome>	"IRD_5_18_Familial_progressive_retinal_dystrophy-iris_coloboma-congenital_cataract_syndrome"	"Orphanet:488197"
<http://www.semanticweb.org/msh/ontologies/2023/1/IRD#Familial_progressive_retinal_dystrophy-iris_coloboma-congenital_cataract_syndrome>	"IRD_5_18_Familial_progressive_retinal_dystrophy-iris_coloboma-congenital_cataract_syndrome"	"SCTID:1172636006"
<http://www.semanticweb.org/msh/ontologies/2023/1/IRD#Farber_disease>	"IRD_5_19_Farber_disease"	"UMLS:C0268255"
<http://www.semanticweb.org/msh/ontologies/2023/1/IRD#Farber_disease>	"IRD_5_19_Farber_disease"	"ICD11:5C56.0Y"
<http://www.semanticweb.org/msh/ontologies/2023/1/IRD#Farber_disease>	"IRD_5_19_Farber_disease"	"OMIM:228000"
<http://www.semanticweb.org/msh/ontologies/2023/1/IRD#Farber_disease>	"IRD_5_19_Farber_disease"	"Orphanet:333"
<http://www.semanticweb.org/msh/ontologies/2023/1/IRD#Farber_disease>	"IRD_5_19_Farber_disease"	"SCTID:79935000"
<http://www.semanticweb.org/msh/ontologies/2023/1/IRD#Flecked_retina_disorders>	"IRD_2_1_Flecked_retina_disorders"	"SCTID:770434009"
<http://www.semanticweb.org/msh/ontologies/2023/1/IRD#Fundus_albipunctatus>	"IRD_6_2_1_Fundus_albipunctatus"	"UMLS:C0311338"
<http://www.semanticweb.org/msh/ontologies/2023/1/IRD#Fundus_albipunctatus>	"IRD_6_2_1_Fundus_albipunctatus"	"ICD11:9B70"
<http://www.semanticweb.org/msh/ontologies/2023/1/IRD#Fundus_albipunctatus>	"IRD_6_2_1_Fundus_albipunctatus"	"OMIM:136880"
<http://www.semanticweb.org/msh/ontologies/2023/1/IRD#Fundus_albipunctatus>	"IRD_6_2_1_Fundus_albipunctatus"	"Orphanet:227796"
<http://www.semanticweb.org/msh/ontologies/2023/1/IRD#Fundus_albipunctatus>	"IRD_6_2_1_Fundus_albipunctatus"	"SCTID:764939004"
<http://www.semanticweb.org/msh/ontologies/2023/1/IRD#Fundus_flavimaculatus>	"IRD_2_1_2_Fundus_flavimaculatus"	"UMLS:C0271093"
<http://www.semanticweb.org/msh/ontologies/2023/1/IRD#Fundus_flavimaculatus>	"IRD_2_1_2_Fundus_flavimaculatus"	"ICD11:9B70"
<http://www.semanticweb.org/msh/ontologies/2023/1/IRD#Fundus_flavimaculatus>	"IRD_2_1_2_Fundus_flavimaculatus"	"OMIM:248200"
<http://www.semanticweb.org/msh/ontologies/2023/1/IRD#Fundus_flavimaculatus>	"IRD_2_1_2_Fundus_flavimaculatus"	"Orphanet:827"
<http://www.semanticweb.org/msh/ontologies/2023/1/IRD#Fundus_flavimaculatus>	"IRD_2_1_2_Fundus_flavimaculatus"	"SCTID:47673003"
<http://www.semanticweb.org/msh/ontologies/2023/1/IRD#Fundus_pulverulentus>	"IRD_2_3_3_Fundus_pulverulentus"	"UMLS:C4749286"
<http://www.semanticweb.org/msh/ontologies/2023/1/IRD#Fundus_pulverulentus>	"IRD_2_3_3_Fundus_pulverulentus"	"ICD11:9B70"
<http://www.semanticweb.org/msh/ontologies/2023/1/IRD#Fundus_pulverulentus>	"IRD_2_3_3_Fundus_pulverulentus"	"Orphanet:99004"
<http://www.semanticweb.org/msh/ontologies/2023/1/IRD#Fundus_pulverulentus>	"IRD_2_3_3_Fundus_pulverulentus"	"SCTID:770437002"
<http://www.semanticweb.org/msh/ontologies/2023/1/IRD#GM1_gangliosidosis>	"IRD_5_21_GM1_gangliosidosis"	"UMLS:C0085131"
<http://www.semanticweb.org/msh/ontologies/2023/1/IRD#GM1_gangliosidosis>	"IRD_5_21_GM1_gangliosidosis"	"ICD11:5C56.00"
<http://www.semanticweb.org/msh/ontologies/2023/1/IRD#GM1_gangliosidosis>	"IRD_5_21_GM1_gangliosidosis"	"Orphanet:354"
<http://www.semanticweb.org/msh/ontologies/2023/1/IRD#GM1_gangliosidosis>	"IRD_5_21_GM1_gangliosidosis"	"SCTID:238025006"
<http://www.semanticweb.org/msh/ontologies/2023/1/IRD#GM1_gangliosidosis,_type_I>	"IRD_5_21_1_GM1_gangliosidosis,_type_I"	"UMLS:C0268271"
<http://www.semanticweb.org/msh/ontologies/2023/1/IRD#GM1_gangliosidosis,_type_I>	"IRD_5_21_1_GM1_gangliosidosis,_type_I"	"ICD11:5C56.00"
<http://www.semanticweb.org/msh/ontologies/2023/1/IRD#GM1_gangliosidosis,_type_I>	"IRD_5_21_1_GM1_gangliosidosis,_type_I"	"OMIM:230500"
<http://www.semanticweb.org/msh/ontologies/2023/1/IRD#GM1_gangliosidosis,_type_I>	"IRD_5_21_1_GM1_gangliosidosis,_type_I"	"Orphanet:79255"
<http://www.semanticweb.org/msh/ontologies/2023/1/IRD#GM1_gangliosidosis,_type_II>	"IRD_5_21_2_GM1_gangliosidosis,_type_II"	"UMLS:C0268272"
<http://www.semanticweb.org/msh/ontologies/2023/1/IRD#GM1_gangliosidosis,_type_II>	"IRD_5_21_2_GM1_gangliosidosis,_type_II"	"ICD11:5C56.00"
<http://www.semanticweb.org/msh/ontologies/2023/1/IRD#GM1_gangliosidosis,_type_II>	"IRD_5_21_2_GM1_gangliosidosis,_type_II"	"OMIM:230600"
<http://www.semanticweb.org/msh/ontologies/2023/1/IRD#GM1_gangliosidosis,_type_II>	"IRD_5_21_2_GM1_gangliosidosis,_type_II"	"Orphanet:79256"
<http://www.semanticweb.org/msh/ontologies/2023/1/IRD#GM1_gangliosidosis,_type_II>	"IRD_5_21_2_GM1_gangliosidosis,_type_II"	"SCTID:18756002"
<http://www.semanticweb.org/msh/ontologies/2023/1/IRD#GM1_gangliosidosis,_type_III>	"IRD_5_21_3_GM1_gangliosidosis,_type_III"	"UMLS:C0268273"
<http://www.semanticweb.org/msh/ontologies/2023/1/IRD#GM1_gangliosidosis,_type_III>	"IRD_5_21_3_GM1_gangliosidosis,_type_III"	"ICD11:5C56.00"
<http://www.semanticweb.org/msh/ontologies/2023/1/IRD#GM1_gangliosidosis,_type_III>	"IRD_5_21_3_GM1_gangliosidosis,_type_III"	"OMIM:230650"
<http://www.semanticweb.org/msh/ontologies/2023/1/IRD#GM1_gangliosidosis,_type_III>	"IRD_5_21_3_GM1_gangliosidosis,_type_III"	"Orphanet:79257"
<http://www.semanticweb.org/msh/ontologies/2023/1/IRD#GM1_gangliosidosis,_type_III>	"IRD_5_21_3_GM1_gangliosidosis,_type_III"	"SCTID:238027003"
<http://www.semanticweb.org/msh/ontologies/2023/1/IRD#GM2_gangliosidosis>	"IRD_5_22_GM2_gangliosidosis"	"UMLS:C0268274"
<http://www.semanticweb.org/msh/ontologies/2023/1/IRD#GM2_gangliosidosis>	"IRD_5_22_GM2_gangliosidosis"	"ICD11:5C56.00"
<http://www.semanticweb.org/msh/ontologies/2023/1/IRD#GM2_gangliosidosis>	"IRD_5_22_GM2_gangliosidosis"	"Orphanet:309152"
<http://www.semanticweb.org/msh/ontologies/2023/1/IRD#GM2_gangliosidosis>	"IRD_5_22_GM2_gangliosidosis"	"SCTID:33316007"
<http://www.semanticweb.org/msh/ontologies/2023/1/IRD#Galactosialidosis;_GSL>	"IRD_5_20_Galactosialidosis;_GSL"	"UMLS:C0268233"
<http://www.semanticweb.org/msh/ontologies/2023/1/IRD#Galactosialidosis;_GSL>	"IRD_5_20_Galactosialidosis;_GSL"	"ICD11:5C56.21"
<http://www.semanticweb.org/msh/ontologies/2023/1/IRD#Galactosialidosis;_GSL>	"IRD_5_20_Galactosialidosis;_GSL"	"OMIM:256540"
<http://www.semanticweb.org/msh/ontologies/2023/1/IRD#Galactosialidosis;_GSL>	"IRD_5_20_Galactosialidosis;_GSL"	"Orphanet:351"
<http://www.semanticweb.org/msh/ontologies/2023/1/IRD#Galactosialidosis;_GSL>	"IRD_5_20_Galactosialidosis;_GSL"	"SCTID:35691006"
<http://www.semanticweb.org/msh/ontologies/2023/1/IRD#Gyrate_atrophy;_GACR>	"IRD_3_1_4_Gyrate_atrophy;_GACR"	"UMLS:C0018425"
<http://www.semanticweb.org/msh/ontologies/2023/1/IRD#Gyrate_atrophy;_GACR>	"IRD_3_1_4_Gyrate_atrophy;_GACR"	"ICD11:9B61"
<http://www.semanticweb.org/msh/ontologies/2023/1/IRD#Gyrate_atrophy;_GACR>	"IRD_3_1_4_Gyrate_atrophy;_GACR"	"OMIM:258870"
<http://www.semanticweb.org/msh/ontologies/2023/1/IRD#Gyrate_atrophy;_GACR>	"IRD_3_1_4_Gyrate_atrophy;_GACR"	"Orphanet:414"
<http://www.semanticweb.org/msh/ontologies/2023/1/IRD#Gyrate_atrophy;_GACR>	"IRD_3_1_4_Gyrate_atrophy;_GACR"	"SCTID:314467007"
<http://www.semanticweb.org/msh/ontologies/2023/1/IRD#Helicoid_peripapillary_chorioretinal_degeneration;_HPCD>	"IRD_3_1_1_Helicoid_peripapillary_chorioretinal_degeneration;_HPCD"	"UMLS:C1862382"
<http://www.semanticweb.org/msh/ontologies/2023/1/IRD#Helicoid_peripapillary_chorioretinal_degeneration;_HPCD>	"IRD_3_1_1_Helicoid_peripapillary_chorioretinal_degeneration;_HPCD"	"ICD11:9B70"
<http://www.semanticweb.org/msh/ontologies/2023/1/IRD#Helicoid_peripapillary_chorioretinal_degeneration;_HPCD>	"IRD_3_1_1_Helicoid_peripapillary_chorioretinal_degeneration;_HPCD"	"OMIM:108985"
<http://www.semanticweb.org/msh/ontologies/2023/1/IRD#Helicoid_peripapillary_chorioretinal_degeneration;_HPCD>	"IRD_3_1_1_Helicoid_peripapillary_chorioretinal_degeneration;_HPCD"	"Orphanet:86813"
<http://www.semanticweb.org/msh/ontologies/2023/1/IRD#Helicoid_peripapillary_chorioretinal_degeneration;_HPCD>	"IRD_3_1_1_Helicoid_peripapillary_chorioretinal_degeneration;_HPCD"	"SCTID:724384008"
<http://www.semanticweb.org/msh/ontologies/2023/1/IRD#Hurler-Scheie_syndrome>	"IRD_5_24_Hurler-Scheie_syndrome"	"UMLS:C0086431"
<http://www.semanticweb.org/msh/ontologies/2023/1/IRD#Hurler-Scheie_syndrome>	"IRD_5_24_Hurler-Scheie_syndrome"	"ICD11:5C56.30"
<http://www.semanticweb.org/msh/ontologies/2023/1/IRD#Hurler-Scheie_syndrome>	"IRD_5_24_Hurler-Scheie_syndrome"	"OMIM:607015"
<http://www.semanticweb.org/msh/ontologies/2023/1/IRD#Hurler-Scheie_syndrome>	"IRD_5_24_Hurler-Scheie_syndrome"	"Orphanet:93476"
<http://www.semanticweb.org/msh/ontologies/2023/1/IRD#Hurler-Scheie_syndrome>	"IRD_5_24_Hurler-Scheie_syndrome"	"SCTID:26745009"
<http://www.semanticweb.org/msh/ontologies/2023/1/IRD#Hurler_syndrome>	"IRD_5_23_Hurler_syndrome"	"UMLS:C0086795"
<http://www.semanticweb.org/msh/ontologies/2023/1/IRD#Hurler_syndrome>	"IRD_5_23_Hurler_syndrome"	"ICD11:5C56.30"
<http://www.semanticweb.org/msh/ontologies/2023/1/IRD#Hurler_syndrome>	"IRD_5_23_Hurler_syndrome"	"OMIM:607014"
<http://www.semanticweb.org/msh/ontologies/2023/1/IRD#Hurler_syndrome>	"IRD_5_23_Hurler_syndrome"	"Orphanet:93473"
<http://www.semanticweb.org/msh/ontologies/2023/1/IRD#Hurler_syndrome>	"IRD_5_23_Hurler_syndrome"	"SCTID:65327002"
<http://www.semanticweb.org/msh/ontologies/2023/1/IRD#Hypogonadotropic_hypogonadism-_retinitis_pigmentosa_syndrome>	"IRD_5_25_Hypogonadotropic_hypogonadism-_retinitis_pigmentosa_syndrome"	"UMLS:C2931722"
<http://www.semanticweb.org/msh/ontologies/2023/1/IRD#Hypogonadotropic_hypogonadism-_retinitis_pigmentosa_syndrome>	"IRD_5_25_Hypogonadotropic_hypogonadism-_retinitis_pigmentosa_syndrome"	"Orphanet:2235"
<http://www.semanticweb.org/msh/ontologies/2023/1/IRD#Hypogonadotropic_hypogonadism-_retinitis_pigmentosa_syndrome>	"IRD_5_25_Hypogonadotropic_hypogonadism-_retinitis_pigmentosa_syndrome"	"SCTID:733113002"
<http://www.semanticweb.org/msh/ontologies/2023/1/IRD#Hypoprebetalipoproteinemia,_acanthocytosis,_retinitis_pigmentosa,_and_pallidal_degeneration_(HARP_syndrome)>	"IRD_5_26_Hypoprebetalipoproteinemia,_acanthocytosis,_retinitis_pigmentosa,_and_pallidal_degeneration_(HARP_syndrome)"	"UMLS:C1846582"
<http://www.semanticweb.org/msh/ontologies/2023/1/IRD#Hypoprebetalipoproteinemia,_acanthocytosis,_retinitis_pigmentosa,_and_pallidal_degeneration_(HARP_syndrome)>	"IRD_5_26_Hypoprebetalipoproteinemia,_acanthocytosis,_retinitis_pigmentosa,_and_pallidal_degeneration_(HARP_syndrome)"	"ICD11:5C64.10"
<http://www.semanticweb.org/msh/ontologies/2023/1/IRD#Hypoprebetalipoproteinemia,_acanthocytosis,_retinitis_pigmentosa,_and_pallidal_degeneration_(HARP_syndrome)>	"IRD_5_26_Hypoprebetalipoproteinemia,_acanthocytosis,_retinitis_pigmentosa,_and_pallidal_degeneration_(HARP_syndrome)"	"OMIM:607236"
<http://www.semanticweb.org/msh/ontologies/2023/1/IRD#Hypoprebetalipoproteinemia,_acanthocytosis,_retinitis_pigmentosa,_and_pallidal_degeneration_(HARP_syndrome)>	"IRD_5_26_Hypoprebetalipoproteinemia,_acanthocytosis,_retinitis_pigmentosa,_and_pallidal_degeneration_(HARP_syndrome)"	"Orphanet:157855"
<http://www.semanticweb.org/msh/ontologies/2023/1/IRD#Hypotrichosis_with_juvenile_macular_degeneration;_HJMD>	"IRD_5_27_Hypotrichosis_with_juvenile_macular_degeneration;_HJMD"	"UMLS:C4509838"
<http://www.semanticweb.org/msh/ontologies/2023/1/IRD#Hypotrichosis_with_juvenile_macular_degeneration;_HJMD>	"IRD_5_27_Hypotrichosis_with_juvenile_macular_degeneration;_HJMD"	"ICD11:LD27.0Y"
<http://www.semanticweb.org/msh/ontologies/2023/1/IRD#Hypotrichosis_with_juvenile_macular_degeneration;_HJMD>	"IRD_5_27_Hypotrichosis_with_juvenile_macular_degeneration;_HJMD"	"OMIM:601553"
<http://www.semanticweb.org/msh/ontologies/2023/1/IRD#Hypotrichosis_with_juvenile_macular_degeneration;_HJMD>	"IRD_5_27_Hypotrichosis_with_juvenile_macular_degeneration;_HJMD"	"Orphanet:1573"
<http://www.semanticweb.org/msh/ontologies/2023/1/IRD#Hypotrichosis_with_juvenile_macular_degeneration;_HJMD>	"IRD_5_27_Hypotrichosis_with_juvenile_macular_degeneration;_HJMD"	"SCTID:723364003"
<http://www.semanticweb.org/msh/ontologies/2023/1/IRD#Infantile_Refsum_disease>	"IRD_5_55_2_Infantile_Refsum_disease"	"UMLS:C0282527"
<http://www.semanticweb.org/msh/ontologies/2023/1/IRD#Infantile_Refsum_disease>	"IRD_5_55_2_Infantile_Refsum_disease"	"ICD11:5C57.1"
<http://www.semanticweb.org/msh/ontologies/2023/1/IRD#Infantile_Refsum_disease>	"IRD_5_55_2_Infantile_Refsum_disease"	"OMIM:601539"
<http://www.semanticweb.org/msh/ontologies/2023/1/IRD#Infantile_Refsum_disease>	"IRD_5_55_2_Infantile_Refsum_disease"	"Orphanet:772"
<http://www.semanticweb.org/msh/ontologies/2023/1/IRD#Infantile_Refsum_disease>	"IRD_5_55_2_Infantile_Refsum_disease"	"SCTID:238062008"
<http://www.semanticweb.org/msh/ontologies/2023/1/IRD#Infantile_cerebellar_retinal_degeneration;_ICRD>	"IRD_5_28_Infantile_cerebellar_retinal_degeneration;_ICRD"	"UMLS:C3281192"
<http://www.semanticweb.org/msh/ontologies/2023/1/IRD#Infantile_cerebellar_retinal_degeneration;_ICRD>	"IRD_5_28_Infantile_cerebellar_retinal_degeneration;_ICRD"	"OMIM:614559"
<http://www.semanticweb.org/msh/ontologies/2023/1/IRD#Infantile_cerebellar_retinal_degeneration;_ICRD>	"IRD_5_28_Infantile_cerebellar_retinal_degeneration;_ICRD"	"Orphanet:313850"
<http://www.semanticweb.org/msh/ontologies/2023/1/IRD#Infantile_cerebellar_retinal_degeneration;_ICRD>	"IRD_5_28_Infantile_cerebellar_retinal_degeneration;_ICRD"	"SCTID:782822006"
<http://www.semanticweb.org/msh/ontologies/2023/1/IRD#Joubert_syndrome>	"IRD_5_29_Joubert_syndrome"	"ICD11:LD20.00"
<http://www.semanticweb.org/msh/ontologies/2023/1/IRD#Joubert_syndrome>	"IRD_5_29_Joubert_syndrome"	"Orphanet:475"
<http://www.semanticweb.org/msh/ontologies/2023/1/IRD#Joubert_syndrome>	"IRD_5_29_Joubert_syndrome"	"SCTID:716997004"
<http://www.semanticweb.org/msh/ontologies/2023/1/IRD#Joubert_syndrome_with_ocular_defect>	"IRD_5_29_2_Joubert_syndrome_with_ocular_defect"	"UMLS:C4274118"
<http://www.semanticweb.org/msh/ontologies/2023/1/IRD#Joubert_syndrome_with_ocular_defect>	"IRD_5_29_2_Joubert_syndrome_with_ocular_defect"	"ICD11:LD20.0Y"
<http://www.semanticweb.org/msh/ontologies/2023/1/IRD#Joubert_syndrome_with_ocular_defect>	"IRD_5_29_2_Joubert_syndrome_with_ocular_defect"	"Orphanet:220493"
<http://www.semanticweb.org/msh/ontologies/2023/1/IRD#Joubert_syndrome_with_ocular_defect>	"IRD_5_29_2_Joubert_syndrome_with_ocular_defect"	"SCTID:716998009"
<http://www.semanticweb.org/msh/ontologies/2023/1/IRD#Joubert_syndrome_with_oculorenal_defect>	"IRD_5_29_3_Joubert_syndrome_with_oculorenal_defect"	"UMLS:C1855675"
<http://www.semanticweb.org/msh/ontologies/2023/1/IRD#Joubert_syndrome_with_oculorenal_defect>	"IRD_5_29_3_Joubert_syndrome_with_oculorenal_defect"	"ICD11:LD20.0Y"
<http://www.semanticweb.org/msh/ontologies/2023/1/IRD#Joubert_syndrome_with_oculorenal_defect>	"IRD_5_29_3_Joubert_syndrome_with_oculorenal_defect"	"Orphanet:2318"
<http://www.semanticweb.org/msh/ontologies/2023/1/IRD#Joubert_syndrome_with_oculorenal_defect>	"IRD_5_29_3_Joubert_syndrome_with_oculorenal_defect"	"SCTID:721862000"
<http://www.semanticweb.org/msh/ontologies/2023/1/IRD#Kandori_fleck_retina>	"IRD_2_2_6_Kandori_fleck_retina"	"UMLS:C0271257"
<http://www.semanticweb.org/msh/ontologies/2023/1/IRD#Kandori_fleck_retina>	"IRD_2_2_6_Kandori_fleck_retina"	"ICD11:9B70"
<http://www.semanticweb.org/msh/ontologies/2023/1/IRD#Kandori_fleck_retina>	"IRD_2_2_6_Kandori_fleck_retina"	"OMIM:228990"
<http://www.semanticweb.org/msh/ontologies/2023/1/IRD#Kandori_fleck_retina>	"IRD_2_2_6_Kandori_fleck_retina"	"Orphanet:99179"
<http://www.semanticweb.org/msh/ontologies/2023/1/IRD#Kandori_fleck_retina>	"IRD_2_2_6_Kandori_fleck_retina"	"SCTID:765191009"
<http://www.semanticweb.org/msh/ontologies/2023/1/IRD#Kearns-Sayre_syndrome>	"IRD_5_30_Kearns-Sayre_syndrome"	"UMLS:C0022541"
<http://www.semanticweb.org/msh/ontologies/2023/1/IRD#Kearns-Sayre_syndrome>	"IRD_5_30_Kearns-Sayre_syndrome"	"ICD11:9C82.0"
<http://www.semanticweb.org/msh/ontologies/2023/1/IRD#Kearns-Sayre_syndrome>	"IRD_5_30_Kearns-Sayre_syndrome"	"OMIM:530000"
<http://www.semanticweb.org/msh/ontologies/2023/1/IRD#Kearns-Sayre_syndrome>	"IRD_5_30_Kearns-Sayre_syndrome"	"Orphanet:480"
<http://www.semanticweb.org/msh/ontologies/2023/1/IRD#Kearns-Sayre_syndrome>	"IRD_5_30_Kearns-Sayre_syndrome"	"SCTID:25792000"
<http://www.semanticweb.org/msh/ontologies/2023/1/IRD#Krabbe_disease>	"IRD_5_31_Krabbe_disease"	"UMLS:C0023521"
<http://www.semanticweb.org/msh/ontologies/2023/1/IRD#Krabbe_disease>	"IRD_5_31_Krabbe_disease"	"ICD11:8A44.4"
<http://www.semanticweb.org/msh/ontologies/2023/1/IRD#Krabbe_disease>	"IRD_5_31_Krabbe_disease"	"OMIM:245200"
<http://www.semanticweb.org/msh/ontologies/2023/1/IRD#Krabbe_disease>	"IRD_5_31_Krabbe_disease"	"Orphanet:487"
<http://www.semanticweb.org/msh/ontologies/2023/1/IRD#Krabbe_disease>	"IRD_5_31_Krabbe_disease"	"SCTID:192782005"
<http://www.semanticweb.org/msh/ontologies/2023/1/IRD#Late-_onset_retinal_degeneration;_LORD>	"IRD_1_1_4_Late-_onset_retinal_degeneration;_LORD"	"UMLS:C1854065"
<http://www.semanticweb.org/msh/ontologies/2023/1/IRD#Late-_onset_retinal_degeneration;_LORD>	"IRD_1_1_4_Late-_onset_retinal_degeneration;_LORD"	"ICD11:9B70"
<http://www.semanticweb.org/msh/ontologies/2023/1/IRD#Late-_onset_retinal_degeneration;_LORD>	"IRD_1_1_4_Late-_onset_retinal_degeneration;_LORD"	"OMIM:605670"
<http://www.semanticweb.org/msh/ontologies/2023/1/IRD#Late-_onset_retinal_degeneration;_LORD>	"IRD_1_1_4_Late-_onset_retinal_degeneration;_LORD"	"Orphanet:67042"
<http://www.semanticweb.org/msh/ontologies/2023/1/IRD#Late-_onset_retinal_degeneration;_LORD>	"IRD_1_1_4_Late-_onset_retinal_degeneration;_LORD"	"SCTID:719431007"
<http://www.semanticweb.org/msh/ontologies/2023/1/IRD#Leber_congenital_amaurosis>	"IRD_1_2_Leber_congenital_amaurosis"	"UMLS:C0339527"
<http://www.semanticweb.org/msh/ontologies/2023/1/IRD#Leber_congenital_amaurosis>	"IRD_1_2_Leber_congenital_amaurosis"	"ICD11:9B70"
<http://www.semanticweb.org/msh/ontologies/2023/1/IRD#Leber_congenital_amaurosis>	"IRD_1_2_Leber_congenital_amaurosis"	"Orphanet:65"
<http://www.semanticweb.org/msh/ontologies/2023/1/IRD#Leber_congenital_amaurosis>	"IRD_1_2_Leber_congenital_amaurosis"	"SCTID:193413001"
<http://www.semanticweb.org/msh/ontologies/2023/1/IRD#Leber_congenital_amaurosis_with_early-_onset_deafness;_LCAEOD>	"IRD_5_32_Leber_congenital_amaurosis_with_early-_onset_deafness;_LCAEOD"	"UMLS:C4693498"
<http://www.semanticweb.org/msh/ontologies/2023/1/IRD#Leber_congenital_amaurosis_with_early-_onset_deafness;_LCAEOD>	"IRD_5_32_Leber_congenital_amaurosis_with_early-_onset_deafness;_LCAEOD"	"OMIM:617879"
<http://www.semanticweb.org/msh/ontologies/2023/1/IRD#MORM_syndrome_(mental_retardation,_truncal_obesity,_retinal_dystrophy_and_micropenis)>	"IRD_5_40_MORM_syndrome_(mental_retardation,_truncal_obesity,_retinal_dystrophy_and_micropenis)"	"UMLS:C1857802"
<http://www.semanticweb.org/msh/ontologies/2023/1/IRD#MORM_syndrome_(mental_retardation,_truncal_obesity,_retinal_dystrophy_and_micropenis)>	"IRD_5_40_MORM_syndrome_(mental_retardation,_truncal_obesity,_retinal_dystrophy_and_micropenis)"	"ICD11:9B70"
<http://www.semanticweb.org/msh/ontologies/2023/1/IRD#MORM_syndrome_(mental_retardation,_truncal_obesity,_retinal_dystrophy_and_micropenis)>	"IRD_5_40_MORM_syndrome_(mental_retardation,_truncal_obesity,_retinal_dystrophy_and_micropenis)"	"OMIM:610156"
<http://www.semanticweb.org/msh/ontologies/2023/1/IRD#MORM_syndrome_(mental_retardation,_truncal_obesity,_retinal_dystrophy_and_micropenis)>	"IRD_5_40_MORM_syndrome_(mental_retardation,_truncal_obesity,_retinal_dystrophy_and_micropenis)"	"Orphanet:75858"
<http://www.semanticweb.org/msh/ontologies/2023/1/IRD#MORM_syndrome_(mental_retardation,_truncal_obesity,_retinal_dystrophy_and_micropenis)>	"IRD_5_40_MORM_syndrome_(mental_retardation,_truncal_obesity,_retinal_dystrophy_and_micropenis)"	"SCTID:715628009"
<http://www.semanticweb.org/msh/ontologies/2023/1/IRD#MRCS_syndrome_(microcornea,_rod-cone_dystrophy,_cataract,_and_posterior_staphyloma)>	"IRD_5_41_MRCS_syndrome_(microcornea,_rod-cone_dystrophy,_cataract,_and_posterior_staphyloma)"	"UMLS:C2674009"
<http://www.semanticweb.org/msh/ontologies/2023/1/IRD#MRCS_syndrome_(microcornea,_rod-cone_dystrophy,_cataract,_and_posterior_staphyloma)>	"IRD_5_41_MRCS_syndrome_(microcornea,_rod-cone_dystrophy,_cataract,_and_posterior_staphyloma)"	"ICD11:9E1Y"
<http://www.semanticweb.org/msh/ontologies/2023/1/IRD#MRCS_syndrome_(microcornea,_rod-cone_dystrophy,_cataract,_and_posterior_staphyloma)>	"IRD_5_41_MRCS_syndrome_(microcornea,_rod-cone_dystrophy,_cataract,_and_posterior_staphyloma)"	"Orphanet:263347"
<http://www.semanticweb.org/msh/ontologies/2023/1/IRD#MRCS_syndrome_(microcornea,_rod-cone_dystrophy,_cataract,_and_posterior_staphyloma)>	"IRD_5_41_MRCS_syndrome_(microcornea,_rod-cone_dystrophy,_cataract,_and_posterior_staphyloma)"	"SCTID:771342004"
<http://www.semanticweb.org/msh/ontologies/2023/1/IRD#Macular_Dystrophies>	"IRD_2_Macular_Dystrophies"	"ICD11:9B70"
<http://www.semanticweb.org/msh/ontologies/2023/1/IRD#Macular_Dystrophies>	"IRD_2_Macular_Dystrophies"	"SCTID:276436007"
<http://www.semanticweb.org/msh/ontologies/2023/1/IRD#Macular_coloboma-cleft_palate-hallux_valgus_syndrome>	"IRD_5_33_Macular_coloboma-cleft_palate-hallux_valgus_syndrome"	"UMLS:C4302525"
<http://www.semanticweb.org/msh/ontologies/2023/1/IRD#Macular_coloboma-cleft_palate-hallux_valgus_syndrome>	"IRD_5_33_Macular_coloboma-cleft_palate-hallux_valgus_syndrome"	"Orphanet:91494"
<http://www.semanticweb.org/msh/ontologies/2023/1/IRD#Macular_coloboma-cleft_palate-hallux_valgus_syndrome>	"IRD_5_33_Macular_coloboma-cleft_palate-hallux_valgus_syndrome"	"SCTID:722463001"
<http://www.semanticweb.org/msh/ontologies/2023/1/IRD#McKusick_Kaufman_syndrome;_MKKS>	"IRD_5_34_McKusick_Kaufman_syndrome;_MKKS"	"UMLS:C0948368"
<http://www.semanticweb.org/msh/ontologies/2023/1/IRD#McKusick_Kaufman_syndrome;_MKKS>	"IRD_5_34_McKusick_Kaufman_syndrome;_MKKS"	"ICD11:9B70"
<http://www.semanticweb.org/msh/ontologies/2023/1/IRD#McKusick_Kaufman_syndrome;_MKKS>	"IRD_5_34_McKusick_Kaufman_syndrome;_MKKS"	"OMIM:236700"
<http://www.semanticweb.org/msh/ontologies/2023/1/IRD#McKusick_Kaufman_syndrome;_MKKS>	"IRD_5_34_McKusick_Kaufman_syndrome;_MKKS"	"Orphanet:2473"
<http://www.semanticweb.org/msh/ontologies/2023/1/IRD#McKusick_Kaufman_syndrome;_MKKS>	"IRD_5_34_McKusick_Kaufman_syndrome;_MKKS"	"SCTID:702407009"
<http://www.semanticweb.org/msh/ontologies/2023/1/IRD#Microcephaly,_retinitis_pigmentosa,_and_sutural_cataract>	"IRD_5_35_Microcephaly,_retinitis_pigmentosa,_and_sutural_cataract"	"UMLS:C1832214"
<http://www.semanticweb.org/msh/ontologies/2023/1/IRD#Microcephaly,_retinitis_pigmentosa,_and_sutural_cataract>	"IRD_5_35_Microcephaly,_retinitis_pigmentosa,_and_sutural_cataract"	"OMIM:601537"
<http://www.semanticweb.org/msh/ontologies/2023/1/IRD#Microcephaly,_retinitis_pigmentosa,_and_sutural_cataract>	"IRD_5_35_Microcephaly,_retinitis_pigmentosa,_and_sutural_cataract"	"SCTID:1148757008+28835009+253226005"
<http://www.semanticweb.org/msh/ontologies/2023/1/IRD#Microcephaly-lymphedema-chorioretinopathy_syndrome>	"IRD_5_36_Microcephaly-lymphedema-chorioretinopathy_syndrome"	"UMLS:C1835265"
<http://www.semanticweb.org/msh/ontologies/2023/1/IRD#Microcephaly-lymphedema-chorioretinopathy_syndrome>	"IRD_5_36_Microcephaly-lymphedema-chorioretinopathy_syndrome"	"ICD11:BD93.0"
<http://www.semanticweb.org/msh/ontologies/2023/1/IRD#Microcephaly-lymphedema-chorioretinopathy_syndrome>	"IRD_5_36_Microcephaly-lymphedema-chorioretinopathy_syndrome"	"OMIM:152950"
<http://www.semanticweb.org/msh/ontologies/2023/1/IRD#Microcephaly-lymphedema-chorioretinopathy_syndrome>	"IRD_5_36_Microcephaly-lymphedema-chorioretinopathy_syndrome"	"Orphanet:2526"
<http://www.semanticweb.org/msh/ontologies/2023/1/IRD#Microcephaly-lymphedema-chorioretinopathy_syndrome>	"IRD_5_36_Microcephaly-lymphedema-chorioretinopathy_syndrome"	"SCTID:733604003"
<http://www.semanticweb.org/msh/ontologies/2023/1/IRD#Microcornea-_myopic_chorioretinal_atrophy_telecanthus_syndrome;_MMCAT>	"IRD_5_37_Microcornea-_myopic_chorioretinal_atrophy_telecanthus_syndrome;_MMCAT"	"UMLS:C4751602"
<http://www.semanticweb.org/msh/ontologies/2023/1/IRD#Microcornea-_myopic_chorioretinal_atrophy_telecanthus_syndrome;_MMCAT>	"IRD_5_37_Microcornea-_myopic_chorioretinal_atrophy_telecanthus_syndrome;_MMCAT"	"OMIM:615458"
<http://www.semanticweb.org/msh/ontologies/2023/1/IRD#Microcornea-_myopic_chorioretinal_atrophy_telecanthus_syndrome;_MMCAT>	"IRD_5_37_Microcornea-_myopic_chorioretinal_atrophy_telecanthus_syndrome;_MMCAT"	"Orphanet:369970"
<http://www.semanticweb.org/msh/ontologies/2023/1/IRD#Microcornea-_myopic_chorioretinal_atrophy_telecanthus_syndrome;_MMCAT>	"IRD_5_37_Microcornea-_myopic_chorioretinal_atrophy_telecanthus_syndrome;_MMCAT"	"SCTID:774212003"
<http://www.semanticweb.org/msh/ontologies/2023/1/IRD#Microphthalmia,_isolated_5;_MCOP5>	"IRD_5_38_Microphthalmia,_isolated_5;_MCOP5"	"UMLS:C1970236"
<http://www.semanticweb.org/msh/ontologies/2023/1/IRD#Microphthalmia,_isolated_5;_MCOP5>	"IRD_5_38_Microphthalmia,_isolated_5;_MCOP5"	"OMIM:611040"
<http://www.semanticweb.org/msh/ontologies/2023/1/IRD#Microphthalmia,_isolated_5;_MCOP5>	"IRD_5_38_Microphthalmia,_isolated_5;_MCOP5"	"Orphanet:251279"
<http://www.semanticweb.org/msh/ontologies/2023/1/IRD#Microphthalmia,_isolated_5;_MCOP5>	"IRD_5_38_Microphthalmia,_isolated_5;_MCOP5"	"SCTID:778021002"
<http://www.semanticweb.org/msh/ontologies/2023/1/IRD#Microphthalmia,_syndromic_5>	"IRD_5_39_Microphthalmia,_syndromic_5"	"UMLS:C1864690"
<http://www.semanticweb.org/msh/ontologies/2023/1/IRD#Microphthalmia,_syndromic_5>	"IRD_5_39_Microphthalmia,_syndromic_5"	"OMIM:610125"
<http://www.semanticweb.org/msh/ontologies/2023/1/IRD#Microphthalmia,_syndromic_5>	"IRD_5_39_Microphthalmia,_syndromic_5"	"Orphanet:178364"
<http://www.semanticweb.org/msh/ontologies/2023/1/IRD#Microphthalmia,_syndromic_5>	"IRD_5_39_Microphthalmia,_syndromic_5"	"SCTID:718761007"
<http://www.semanticweb.org/msh/ontologies/2023/1/IRD#Mucolipidosis_type_IV;_ML4>	"IRD_5_42_Mucolipidosis_type_IV;_ML4"	"UMLS:C0238286"
<http://www.semanticweb.org/msh/ontologies/2023/1/IRD#Mucolipidosis_type_IV;_ML4>	"IRD_5_42_Mucolipidosis_type_IV;_ML4"	"ICD11:5C56.0Y"
<http://www.semanticweb.org/msh/ontologies/2023/1/IRD#Mucolipidosis_type_IV;_ML4>	"IRD_5_42_Mucolipidosis_type_IV;_ML4"	"OMIM:252650"
<http://www.semanticweb.org/msh/ontologies/2023/1/IRD#Mucolipidosis_type_IV;_ML4>	"IRD_5_42_Mucolipidosis_type_IV;_ML4"	"Orphanet:578"
<http://www.semanticweb.org/msh/ontologies/2023/1/IRD#Mucolipidosis_type_IV;_ML4>	"IRD_5_42_Mucolipidosis_type_IV;_ML4"	"SCTID:725296006"
<http://www.semanticweb.org/msh/ontologies/2023/1/IRD#Multi-focal_pattern_dystrophy_simulating_fundus_flavimaculatus>	"IRD_2_3_4_Multi-focal_pattern_dystrophy_simulating_fundus_flavimaculatus"	"UMLS:C4509881"
<http://www.semanticweb.org/msh/ontologies/2023/1/IRD#Multi-focal_pattern_dystrophy_simulating_fundus_flavimaculatus>	"IRD_2_3_4_Multi-focal_pattern_dystrophy_simulating_fundus_flavimaculatus"	"ICD11:9B70"
<http://www.semanticweb.org/msh/ontologies/2023/1/IRD#Multi-focal_pattern_dystrophy_simulating_fundus_flavimaculatus>	"IRD_2_3_4_Multi-focal_pattern_dystrophy_simulating_fundus_flavimaculatus"	"Orphanet:99003"
<http://www.semanticweb.org/msh/ontologies/2023/1/IRD#Muscular_atrophy-_ataxia-_retinitis_pigmentosa-_diabetes_mellitus_syndrome>	"IRD_5_43_Muscular_atrophy-_ataxia-_retinitis_pigmentosa-_diabetes_mellitus_syndrome"	"UMLS:C0342281"
<http://www.semanticweb.org/msh/ontologies/2023/1/IRD#Muscular_atrophy-_ataxia-_retinitis_pigmentosa-_diabetes_mellitus_syndrome>	"IRD_5_43_Muscular_atrophy-_ataxia-_retinitis_pigmentosa-_diabetes_mellitus_syndrome"	"OMIM:158500"
<http://www.semanticweb.org/msh/ontologies/2023/1/IRD#Muscular_atrophy-_ataxia-_retinitis_pigmentosa-_diabetes_mellitus_syndrome>	"IRD_5_43_Muscular_atrophy-_ataxia-_retinitis_pigmentosa-_diabetes_mellitus_syndrome"	"Orphanet:2579"
<http://www.semanticweb.org/msh/ontologies/2023/1/IRD#Muscular_atrophy-_ataxia-_retinitis_pigmentosa-_diabetes_mellitus_syndrome>	"IRD_5_43_Muscular_atrophy-_ataxia-_retinitis_pigmentosa-_diabetes_mellitus_syndrome"	"SCTID:88092000+763597000+28835009+73211009"
<http://www.semanticweb.org/msh/ontologies/2023/1/IRD#Neonatal_adrenoleukodystrophy>	"IRD_5_50_2_Neonatal_adrenoleukodystrophy"	"UMLS:C0282525"
<http://www.semanticweb.org/msh/ontologies/2023/1/IRD#Neonatal_adrenoleukodystrophy>	"IRD_5_50_2_Neonatal_adrenoleukodystrophy"	"ICD11:5A74.Y"
<http://www.semanticweb.org/msh/ontologies/2023/1/IRD#Neonatal_adrenoleukodystrophy>	"IRD_5_50_2_Neonatal_adrenoleukodystrophy"	"Orphanet:44"
<http://www.semanticweb.org/msh/ontologies/2023/1/IRD#Neonatal_adrenoleukodystrophy>	"IRD_5_50_2_Neonatal_adrenoleukodystrophy"	"SCTID:238061001"
<http://www.semanticweb.org/msh/ontologies/2023/1/IRD#Neuropathy,_ataxia,_and_retinitis_pigmentosa_(NARP_syndrome)>	"IRD_5_44_Neuropathy,_ataxia,_and_retinitis_pigmentosa_(NARP_syndrome)"	"UMLS:C1328349"
<http://www.semanticweb.org/msh/ontologies/2023/1/IRD#Neuropathy,_ataxia,_and_retinitis_pigmentosa_(NARP_syndrome)>	"IRD_5_44_Neuropathy,_ataxia,_and_retinitis_pigmentosa_(NARP_syndrome)"	"ICD11:8C73.1"
<http://www.semanticweb.org/msh/ontologies/2023/1/IRD#Neuropathy,_ataxia,_and_retinitis_pigmentosa_(NARP_syndrome)>	"IRD_5_44_Neuropathy,_ataxia,_and_retinitis_pigmentosa_(NARP_syndrome)"	"OMIM:551500"
<http://www.semanticweb.org/msh/ontologies/2023/1/IRD#Neuropathy,_ataxia,_and_retinitis_pigmentosa_(NARP_syndrome)>	"IRD_5_44_Neuropathy,_ataxia,_and_retinitis_pigmentosa_(NARP_syndrome)"	"Orphanet:644"
<http://www.semanticweb.org/msh/ontologies/2023/1/IRD#Neuropathy,_ataxia,_and_retinitis_pigmentosa_(NARP_syndrome)>	"IRD_5_44_Neuropathy,_ataxia,_and_retinitis_pigmentosa_(NARP_syndrome)"	"SCTID:386033004+763597000+28835009"
<http://www.semanticweb.org/msh/ontologies/2023/1/IRD#Niemann-_pick_disease_type_C>	"IRD_5_45_Niemann-_pick_disease_type_C"	"UMLS:C0220756"
<http://www.semanticweb.org/msh/ontologies/2023/1/IRD#Niemann-_pick_disease_type_C>	"IRD_5_45_Niemann-_pick_disease_type_C"	"ICD11:5C56.0Y"
<http://www.semanticweb.org/msh/ontologies/2023/1/IRD#Niemann-_pick_disease_type_C>	"IRD_5_45_Niemann-_pick_disease_type_C"	"Orphanet:646"
<http://www.semanticweb.org/msh/ontologies/2023/1/IRD#Niemann-_pick_disease_type_C>	"IRD_5_45_Niemann-_pick_disease_type_C"	"SCTID:66751000"
<http://www.semanticweb.org/msh/ontologies/2023/1/IRD#North_Carolina_macular_dystrophy>	"IRD_3_2_1_North_Carolina_macular_dystrophy"	"UMLS:C0730294"
<http://www.semanticweb.org/msh/ontologies/2023/1/IRD#North_Carolina_macular_dystrophy>	"IRD_3_2_1_North_Carolina_macular_dystrophy"	"ICD11:9B75.Y"
<http://www.semanticweb.org/msh/ontologies/2023/1/IRD#North_Carolina_macular_dystrophy>	"IRD_3_2_1_North_Carolina_macular_dystrophy"	"OMIM:136550"
<http://www.semanticweb.org/msh/ontologies/2023/1/IRD#North_Carolina_macular_dystrophy>	"IRD_3_2_1_North_Carolina_macular_dystrophy"	"Orphanet:75327"
<http://www.semanticweb.org/msh/ontologies/2023/1/IRD#North_Carolina_macular_dystrophy>	"IRD_3_2_1_North_Carolina_macular_dystrophy"	"SCTID:312925009"
<http://www.semanticweb.org/msh/ontologies/2023/1/IRD#Occult_macular_dystrophy;_OCMD>	"IRD_2_6_Occult_macular_dystrophy;_OCMD"	"UMLS:C3150833"
<http://www.semanticweb.org/msh/ontologies/2023/1/IRD#Occult_macular_dystrophy;_OCMD>	"IRD_2_6_Occult_macular_dystrophy;_OCMD"	"ICD11:9B75.Y"
<http://www.semanticweb.org/msh/ontologies/2023/1/IRD#Occult_macular_dystrophy;_OCMD>	"IRD_2_6_Occult_macular_dystrophy;_OCMD"	"OMIM:613587"
<http://www.semanticweb.org/msh/ontologies/2023/1/IRD#Occult_macular_dystrophy;_OCMD>	"IRD_2_6_Occult_macular_dystrophy;_OCMD"	"Orphanet:247834"
<http://www.semanticweb.org/msh/ontologies/2023/1/IRD#Occult_macular_dystrophy;_OCMD>	"IRD_2_6_Occult_macular_dystrophy;_OCMD"	"SCTID:770667002"
<http://www.semanticweb.org/msh/ontologies/2023/1/IRD#Oculotrichodysplasia>	"IRD_5_46_Oculotrichodysplasia"	"UMLS:C1850332"
<http://www.semanticweb.org/msh/ontologies/2023/1/IRD#Oculotrichodysplasia>	"IRD_5_46_Oculotrichodysplasia"	"ICD11:LD27.0Y"
<http://www.semanticweb.org/msh/ontologies/2023/1/IRD#Oculotrichodysplasia>	"IRD_5_46_Oculotrichodysplasia"	"OMIM:"
<http://www.semanticweb.org/msh/ontologies/2023/1/IRD#Oculotrichodysplasia>	"IRD_5_46_Oculotrichodysplasia"	"Orphanet:2718"
<http://www.semanticweb.org/msh/ontologies/2023/1/IRD#Oculotrichodysplasia>	"IRD_5_46_Oculotrichodysplasia"	"SCTID:722062004"
<http://www.semanticweb.org/msh/ontologies/2023/1/IRD#Oguchi_disease>	"IRD_6_2_2_Oguchi_disease"	"UMLS:C1306122"
<http://www.semanticweb.org/msh/ontologies/2023/1/IRD#Oguchi_disease>	"IRD_6_2_2_Oguchi_disease"	"ICD11:9B70"
<http://www.semanticweb.org/msh/ontologies/2023/1/IRD#Oguchi_disease>	"IRD_6_2_2_Oguchi_disease"	"Orphanet:75382"
<http://www.semanticweb.org/msh/ontologies/2023/1/IRD#Oguchi_disease>	"IRD_6_2_2_Oguchi_disease"	"SCTID:193687000"
<http://www.semanticweb.org/msh/ontologies/2023/1/IRD#Oligocone_Trichromacy>	"IRD_6_3_4_Oligocone_Trichromacy"	"UMLS:C4302876"
<http://www.semanticweb.org/msh/ontologies/2023/1/IRD#Oligocone_Trichromacy>	"IRD_6_3_4_Oligocone_Trichromacy"	"ICD11:9B70"
<http://www.semanticweb.org/msh/ontologies/2023/1/IRD#Oligocone_Trichromacy>	"IRD_6_3_4_Oligocone_Trichromacy"	"Orphanet:75378"
<http://www.semanticweb.org/msh/ontologies/2023/1/IRD#Oligocone_Trichromacy>	"IRD_6_3_4_Oligocone_Trichromacy"	"SCTID:722066001"
<http://www.semanticweb.org/msh/ontologies/2023/1/IRD#Osteochondrodysplatic_nanism-_deafness_retinitis_pigmentosa_syndrome>	"IRD_5_47_Osteochondrodysplatic_nanism-_deafness_retinitis_pigmentosa_syndrome"	"UMLS:C4302825"
<http://www.semanticweb.org/msh/ontologies/2023/1/IRD#Osteochondrodysplatic_nanism-_deafness_retinitis_pigmentosa_syndrome>	"IRD_5_47_Osteochondrodysplatic_nanism-_deafness_retinitis_pigmentosa_syndrome"	"ICD11:LD2H.Y"
<http://www.semanticweb.org/msh/ontologies/2023/1/IRD#Osteochondrodysplatic_nanism-_deafness_retinitis_pigmentosa_syndrome>	"IRD_5_47_Osteochondrodysplatic_nanism-_deafness_retinitis_pigmentosa_syndrome"	"Orphanet:2653"
<http://www.semanticweb.org/msh/ontologies/2023/1/IRD#Osteochondrodysplatic_nanism-_deafness_retinitis_pigmentosa_syndrome>	"IRD_5_47_Osteochondrodysplatic_nanism-_deafness_retinitis_pigmentosa_syndrome"	"SCTID:722108000"
<http://www.semanticweb.org/msh/ontologies/2023/1/IRD#Pallidal_degeneration,_progressive,_with_retinitis_pigmentosa>	"IRD_5_48_Pallidal_degeneration,_progressive,_with_retinitis_pigmentosa"	"UMLS:C1850101"
<http://www.semanticweb.org/msh/ontologies/2023/1/IRD#Pallidal_degeneration,_progressive,_with_retinitis_pigmentosa>	"IRD_5_48_Pallidal_degeneration,_progressive,_with_retinitis_pigmentosa"	"OMIM:"
<http://www.semanticweb.org/msh/ontologies/2023/1/IRD#Pantothenate_kinase-_associated_neurodegeneration>	"IRD_5_49_Pantothenate_kinase-_associated_neurodegeneration"	"UMLS:C0018523"
<http://www.semanticweb.org/msh/ontologies/2023/1/IRD#Pantothenate_kinase-_associated_neurodegeneration>	"IRD_5_49_Pantothenate_kinase-_associated_neurodegeneration"	"ICD11:5C64.10"
<http://www.semanticweb.org/msh/ontologies/2023/1/IRD#Pantothenate_kinase-_associated_neurodegeneration>	"IRD_5_49_Pantothenate_kinase-_associated_neurodegeneration"	"OMIM:234200"
<http://www.semanticweb.org/msh/ontologies/2023/1/IRD#Pantothenate_kinase-_associated_neurodegeneration>	"IRD_5_49_Pantothenate_kinase-_associated_neurodegeneration"	"Orphanet:157850"
<http://www.semanticweb.org/msh/ontologies/2023/1/IRD#Pantothenate_kinase-_associated_neurodegeneration>	"IRD_5_49_Pantothenate_kinase-_associated_neurodegeneration"	"SCTID:Atypical_pantothenate_kinase_associated_neurodegeneration_(disorder)(_1186856001)\n_Classical_pantothenate_kinase_associated_neurodegeneration_(disorder)(1186861004)"
<http://www.semanticweb.org/msh/ontologies/2023/1/IRD#Pattern_dystrophy_of_macula>	"IRD_2_3_Pattern_dystrophy_of_macula"	"UMLS:C0339514"
<http://www.semanticweb.org/msh/ontologies/2023/1/IRD#Pattern_dystrophy_of_macula>	"IRD_2_3_Pattern_dystrophy_of_macula"	"SCTID:232051002"
<http://www.semanticweb.org/msh/ontologies/2023/1/IRD#Pericentral_retinitis_pigmentosa>	"IRD_1_1_2_Pericentral_retinitis_pigmentosa"	"UMLS:C1849398"
<http://www.semanticweb.org/msh/ontologies/2023/1/IRD#Pericentral_retinitis_pigmentosa>	"IRD_1_1_2_Pericentral_retinitis_pigmentosa"	"OMIM:"
<http://www.semanticweb.org/msh/ontologies/2023/1/IRD#Pericentral_retinitis_pigmentosa>	"IRD_1_1_2_Pericentral_retinitis_pigmentosa"	"SCTID:26216008+28835009"
<http://www.semanticweb.org/msh/ontologies/2023/1/IRD#Peroxisome_biogenesis_disorder>	"IRD_5_50_Peroxisome_biogenesis_disorder"	"UMLS:C1832200"
<http://www.semanticweb.org/msh/ontologies/2023/1/IRD#Peroxisome_biogenesis_disorder>	"IRD_5_50_Peroxisome_biogenesis_disorder"	"ICD11:5C57.0"
<http://www.semanticweb.org/msh/ontologies/2023/1/IRD#Peroxisome_biogenesis_disorder>	"IRD_5_50_Peroxisome_biogenesis_disorder"	"Orphanet:79189"
<http://www.semanticweb.org/msh/ontologies/2023/1/IRD#Peroxisome_biogenesis_disorder>	"IRD_5_50_Peroxisome_biogenesis_disorder"	"SCTID:742876007"
<http://www.semanticweb.org/msh/ontologies/2023/1/IRD#Pigmented_paravenous_retinochoroidal_atrophy_(PPRCA)>	"IRD_1_1_5_Pigmented_paravenous_retinochoroidal_atrophy_(PPRCA)"	"UMLS:C1868310"
<http://www.semanticweb.org/msh/ontologies/2023/1/IRD#Pigmented_paravenous_retinochoroidal_atrophy_(PPRCA)>	"IRD_1_1_5_Pigmented_paravenous_retinochoroidal_atrophy_(PPRCA)"	"ICD11:9B7Y"
<http://www.semanticweb.org/msh/ontologies/2023/1/IRD#Pigmented_paravenous_retinochoroidal_atrophy_(PPRCA)>	"IRD_1_1_5_Pigmented_paravenous_retinochoroidal_atrophy_(PPRCA)"	"OMIM:"
<http://www.semanticweb.org/msh/ontologies/2023/1/IRD#Pigmented_paravenous_retinochoroidal_atrophy_(PPRCA)>	"IRD_1_1_5_Pigmented_paravenous_retinochoroidal_atrophy_(PPRCA)"	"Orphanet:251295"
<http://www.semanticweb.org/msh/ontologies/2023/1/IRD#Pigmented_paravenous_retinochoroidal_atrophy_(PPRCA)>	"IRD_1_1_5_Pigmented_paravenous_retinochoroidal_atrophy_(PPRCA)"	"SCTID:723450004"
<http://www.semanticweb.org/msh/ontologies/2023/1/IRD#Polyneuropathy-_hearing_loss-_ataxia-_retinitis_pigmentosa-_cataract_syndrome;_PHARC>	"IRD_5_51_Polyneuropathy-_hearing_loss-_ataxia-_retinitis_pigmentosa-_cataract_syndrome;_PHARC"	"UMLS:C4509920"
<http://www.semanticweb.org/msh/ontologies/2023/1/IRD#Polyneuropathy-_hearing_loss-_ataxia-_retinitis_pigmentosa-_cataract_syndrome;_PHARC>	"IRD_5_51_Polyneuropathy-_hearing_loss-_ataxia-_retinitis_pigmentosa-_cataract_syndrome;_PHARC"	"OMIM:612674"
<http://www.semanticweb.org/msh/ontologies/2023/1/IRD#Polyneuropathy-_hearing_loss-_ataxia-_retinitis_pigmentosa-_cataract_syndrome;_PHARC>	"IRD_5_51_Polyneuropathy-_hearing_loss-_ataxia-_retinitis_pigmentosa-_cataract_syndrome;_PHARC"	"Orphanet:171848"
<http://www.semanticweb.org/msh/ontologies/2023/1/IRD#Polyneuropathy-_hearing_loss-_ataxia-_retinitis_pigmentosa-_cataract_syndrome;_PHARC>	"IRD_5_51_Polyneuropathy-_hearing_loss-_ataxia-_retinitis_pigmentosa-_cataract_syndrome;_PHARC"	"SCTID:723452007"
<http://www.semanticweb.org/msh/ontologies/2023/1/IRD#Posterior_column_ataxia_with_retinitis_pigmentosa;_PCARP>	"IRD_5_52_Posterior_column_ataxia_with_retinitis_pigmentosa;_PCARP"	"UMLS:C1836916"
<http://www.semanticweb.org/msh/ontologies/2023/1/IRD#Posterior_column_ataxia_with_retinitis_pigmentosa;_PCARP>	"IRD_5_52_Posterior_column_ataxia_with_retinitis_pigmentosa;_PCARP"	"OMIM:609033"
<http://www.semanticweb.org/msh/ontologies/2023/1/IRD#Posterior_column_ataxia_with_retinitis_pigmentosa;_PCARP>	"IRD_5_52_Posterior_column_ataxia_with_retinitis_pigmentosa;_PCARP"	"SCTID:724065003"
<http://www.semanticweb.org/msh/ontologies/2023/1/IRD#Primary_ciliary_dyskinesia-_retinitis_pigmentosa_syndrome>	"IRD_5_53_Primary_ciliary_dyskinesia-_retinitis_pigmentosa_syndrome"	"Orphanet:247522"
<http://www.semanticweb.org/msh/ontologies/2023/1/IRD#Primary_ciliary_dyskinesia-_retinitis_pigmentosa_syndrome>	"IRD_5_53_Primary_ciliary_dyskinesia-_retinitis_pigmentosa_syndrome"	"SCTID:719282008"
<http://www.semanticweb.org/msh/ontologies/2023/1/IRD#Progressive_bifocal_chorioretinal_atrophy>	"IRD_3_2_3_Progressive_bifocal_chorioretinal_atrophy"	"UMLS:C1833321"
<http://www.semanticweb.org/msh/ontologies/2023/1/IRD#Progressive_bifocal_chorioretinal_atrophy>	"IRD_3_2_3_Progressive_bifocal_chorioretinal_atrophy"	"ICD11:9B70"
<http://www.semanticweb.org/msh/ontologies/2023/1/IRD#Progressive_bifocal_chorioretinal_atrophy>	"IRD_3_2_3_Progressive_bifocal_chorioretinal_atrophy"	"OMIM:600790"
<http://www.semanticweb.org/msh/ontologies/2023/1/IRD#Progressive_bifocal_chorioretinal_atrophy>	"IRD_3_2_3_Progressive_bifocal_chorioretinal_atrophy"	"Orphanet:75373"
<http://www.semanticweb.org/msh/ontologies/2023/1/IRD#Progressive_bifocal_chorioretinal_atrophy>	"IRD_3_2_3_Progressive_bifocal_chorioretinal_atrophy"	"SCTID:719266007"
<http://www.semanticweb.org/msh/ontologies/2023/1/IRD#Progressive_cone_dystrophy>	"IRD_1_5_Progressive_cone_dystrophy"	"UMLS:C3665342"
<http://www.semanticweb.org/msh/ontologies/2023/1/IRD#Progressive_cone_dystrophy>	"IRD_1_5_Progressive_cone_dystrophy"	"ICD11:9B70"
<http://www.semanticweb.org/msh/ontologies/2023/1/IRD#Progressive_cone_dystrophy>	"IRD_1_5_Progressive_cone_dystrophy"	"Orphanet:1871"
<http://www.semanticweb.org/msh/ontologies/2023/1/IRD#Progressive_cone_dystrophy>	"IRD_1_5_Progressive_cone_dystrophy"	"SCTID:267613004"
<http://www.semanticweb.org/msh/ontologies/2023/1/IRD#Pseudoxanthoma_elasticum-_like_skin_manifestations_with_retinitis_pigmentosa>	"IRD_5_54_Pseudoxanthoma_elasticum-_like_skin_manifestations_with_retinitis_pigmentosa"	"Orphanet:436274"
<http://www.semanticweb.org/msh/ontologies/2023/1/IRD#RHYNS_syndrome>	"IRD_5_66_RHYNS_syndrome"	"UMLS:C1865794"
<http://www.semanticweb.org/msh/ontologies/2023/1/IRD#RHYNS_syndrome>	"IRD_5_66_RHYNS_syndrome"	"ICD11:LD2F.1Y"
<http://www.semanticweb.org/msh/ontologies/2023/1/IRD#RHYNS_syndrome>	"IRD_5_66_RHYNS_syndrome"	"OMIM:602152"
<http://www.semanticweb.org/msh/ontologies/2023/1/IRD#RHYNS_syndrome>	"IRD_5_66_RHYNS_syndrome"	"Orphanet:140976"
<http://www.semanticweb.org/msh/ontologies/2023/1/IRD#RHYNS_syndrome>	"IRD_5_66_RHYNS_syndrome"	"SCTID:723999009"
<http://www.semanticweb.org/msh/ontologies/2023/1/IRD#Refsum_disease>	"IRD_5_55_Refsum_disease"	"UMLS:C0034960"
<http://www.semanticweb.org/msh/ontologies/2023/1/IRD#Refsum_disease>	"IRD_5_55_Refsum_disease"	"ICD11:5C57.1"
<http://www.semanticweb.org/msh/ontologies/2023/1/IRD#Refsum_disease>	"IRD_5_55_Refsum_disease"	"Orphanet:773"
<http://www.semanticweb.org/msh/ontologies/2023/1/IRD#Refsum_disease>	"IRD_5_55_Refsum_disease"	"SCTID:25362006"
<http://www.semanticweb.org/msh/ontologies/2023/1/IRD#Regional_choroidal_dystrophies>	"IRD_3_2_Regional_choroidal_dystrophies"	"SCTID:410674003+312918002"
<http://www.semanticweb.org/msh/ontologies/2023/1/IRD#Reticular_dystrophy_of_the_retinal_pigment_epithelium>	"IRD_2_3_2_Reticular_dystrophy_of_the_retinal_pigment_epithelium"	"UMLS:C1867332"
<http://www.semanticweb.org/msh/ontologies/2023/1/IRD#Reticular_dystrophy_of_the_retinal_pigment_epithelium>	"IRD_2_3_2_Reticular_dystrophy_of_the_retinal_pigment_epithelium"	"ICD11:9B70"
<http://www.semanticweb.org/msh/ontologies/2023/1/IRD#Reticular_dystrophy_of_the_retinal_pigment_epithelium>	"IRD_2_3_2_Reticular_dystrophy_of_the_retinal_pigment_epithelium"	"OMIM:"
<http://www.semanticweb.org/msh/ontologies/2023/1/IRD#Reticular_dystrophy_of_the_retinal_pigment_epithelium>	"IRD_2_3_2_Reticular_dystrophy_of_the_retinal_pigment_epithelium"	"Orphanet:99002"
<http://www.semanticweb.org/msh/ontologies/2023/1/IRD#Reticular_dystrophy_of_the_retinal_pigment_epithelium>	"IRD_2_3_2_Reticular_dystrophy_of_the_retinal_pigment_epithelium"	"SCTID:723502001"
<http://www.semanticweb.org/msh/ontologies/2023/1/IRD#Retinal_degeneration-_nanophthalmos-_glaucoma_syndrome>	"IRD_5_56_Retinal_degeneration-_nanophthalmos-_glaucoma_syndrome"	"UMLS:C2931831"
<http://www.semanticweb.org/msh/ontologies/2023/1/IRD#Retinal_degeneration-_nanophthalmos-_glaucoma_syndrome>	"IRD_5_56_Retinal_degeneration-_nanophthalmos-_glaucoma_syndrome"	"ICD11:9E1Y"
<http://www.semanticweb.org/msh/ontologies/2023/1/IRD#Retinal_degeneration-_nanophthalmos-_glaucoma_syndrome>	"IRD_5_56_Retinal_degeneration-_nanophthalmos-_glaucoma_syndrome"	"OMIM:"
<http://www.semanticweb.org/msh/ontologies/2023/1/IRD#Retinal_degeneration-_nanophthalmos-_glaucoma_syndrome>	"IRD_5_56_Retinal_degeneration-_nanophthalmos-_glaucoma_syndrome"	"Orphanet:1574"
<http://www.semanticweb.org/msh/ontologies/2023/1/IRD#Retinal_degeneration-_nanophthalmos-_glaucoma_syndrome>	"IRD_5_56_Retinal_degeneration-_nanophthalmos-_glaucoma_syndrome"	"SCTID:723503006"
<http://www.semanticweb.org/msh/ontologies/2023/1/IRD#Retinal_dystrophy,_iris_coloboma,_and_comedogenic_acne_syndrome;_RDCCAS>	"IRD_5_57_Retinal_dystrophy,_iris_coloboma,_and_comedogenic_acne_syndrome;_RDCCAS"	"UMLS:C3554593"
<http://www.semanticweb.org/msh/ontologies/2023/1/IRD#Retinal_dystrophy,_iris_coloboma,_and_comedogenic_acne_syndrome;_RDCCAS>	"IRD_5_57_Retinal_dystrophy,_iris_coloboma,_and_comedogenic_acne_syndrome;_RDCCAS"	"OMIM:615147"
<http://www.semanticweb.org/msh/ontologies/2023/1/IRD#Retinal_dystrophy,_iris_coloboma,_and_comedogenic_acne_syndrome;_RDCCAS>	"IRD_5_57_Retinal_dystrophy,_iris_coloboma,_and_comedogenic_acne_syndrome;_RDCCAS"	"SCTID:773576000"
<http://www.semanticweb.org/msh/ontologies/2023/1/IRD#Retinal_dystrophy_with_inner_retinal_dysfunction_and_ganglion_cell_anomalies;_RDGCA>	"IRD_4_4_Retinal_dystrophy_with_inner_retinal_dysfunction_and_ganglion_cell_anomalies;_RDGCA"	"UMLS:C4751571"
<http://www.semanticweb.org/msh/ontologies/2023/1/IRD#Retinal_dystrophy_with_inner_retinal_dysfunction_and_ganglion_cell_anomalies;_RDGCA>	"IRD_4_4_Retinal_dystrophy_with_inner_retinal_dysfunction_and_ganglion_cell_anomalies;_RDGCA"	"OMIM:616079"
<http://www.semanticweb.org/msh/ontologies/2023/1/IRD#Retinal_dystrophy_with_inner_retinal_dysfunction_and_ganglion_cell_anomalies;_RDGCA>	"IRD_4_4_Retinal_dystrophy_with_inner_retinal_dysfunction_and_ganglion_cell_anomalies;_RDGCA"	"Orphanet:397758"
<http://www.semanticweb.org/msh/ontologies/2023/1/IRD#Retinal_dystrophy_with_inner_retinal_dysfunction_and_ganglion_cell_anomalies;_RDGCA>	"IRD_4_4_Retinal_dystrophy_with_inner_retinal_dysfunction_and_ganglion_cell_anomalies;_RDGCA"	"SCTID:774152007"
<http://www.semanticweb.org/msh/ontologies/2023/1/IRD#Retinitis_pigmentosa>	"IRD_1_1_Retinitis_pigmentosa"	"ICD11:9B70"
<http://www.semanticweb.org/msh/ontologies/2023/1/IRD#Retinitis_pigmentosa>	"IRD_1_1_Retinitis_pigmentosa"	"OMIM:268000"
<http://www.semanticweb.org/msh/ontologies/2023/1/IRD#Retinitis_pigmentosa>	"IRD_1_1_Retinitis_pigmentosa"	"SCTID:28835009"
<http://www.semanticweb.org/msh/ontologies/2023/1/IRD#Retinitis_pigmentosa-_hearing_loss-_premature_aging-_short_suture-_facial_dysmorphism_syndrome>	"IRD_5_61_Retinitis_pigmentosa-_hearing_loss-_premature_aging-_short_suture-_facial_dysmorphism_syndrome"	"OMIM:617763"
<http://www.semanticweb.org/msh/ontologies/2023/1/IRD#Retinitis_pigmentosa-_hearing_loss-_premature_aging-_short_suture-_facial_dysmorphism_syndrome>	"IRD_5_61_Retinitis_pigmentosa-_hearing_loss-_premature_aging-_short_suture-_facial_dysmorphism_syndrome"	"Orphanet:494439"
<http://www.semanticweb.org/msh/ontologies/2023/1/IRD#Retinitis_pigmentosa-_intellectual_disability-_deafness-_hypogonadism_syndrome>	"IRD_5_62_Retinitis_pigmentosa-_intellectual_disability-_deafness-_hypogonadism_syndrome"	"UMLS:C1849401"
<http://www.semanticweb.org/msh/ontologies/2023/1/IRD#Retinitis_pigmentosa-_intellectual_disability-_deafness-_hypogonadism_syndrome>	"IRD_5_62_Retinitis_pigmentosa-_intellectual_disability-_deafness-_hypogonadism_syndrome"	"OMIM:"
<http://www.semanticweb.org/msh/ontologies/2023/1/IRD#Retinitis_pigmentosa-_intellectual_disability-_deafness-_hypogonadism_syndrome>	"IRD_5_62_Retinitis_pigmentosa-_intellectual_disability-_deafness-_hypogonadism_syndrome"	"Orphanet:3085"
<http://www.semanticweb.org/msh/ontologies/2023/1/IRD#Retinitis_pigmentosa-_intellectual_disability-_deafness-_hypogonadism_syndrome>	"IRD_5_62_Retinitis_pigmentosa-_intellectual_disability-_deafness-_hypogonadism_syndrome"	"SCTID:724001005"
<http://www.semanticweb.org/msh/ontologies/2023/1/IRD#Retinitis_pigmentosa-_juvenile_cataract-_short_stature-_intellectual_disability_syndrome>	"IRD_5_63_Retinitis_pigmentosa-_juvenile_cataract-_short_stature-_intellectual_disability_syndrome"	"UMLS:C4015242"
<http://www.semanticweb.org/msh/ontologies/2023/1/IRD#Retinitis_pigmentosa-_juvenile_cataract-_short_stature-_intellectual_disability_syndrome>	"IRD_5_63_Retinitis_pigmentosa-_juvenile_cataract-_short_stature-_intellectual_disability_syndrome"	"OMIM:616108"
<http://www.semanticweb.org/msh/ontologies/2023/1/IRD#Retinitis_pigmentosa-_juvenile_cataract-_short_stature-_intellectual_disability_syndrome>	"IRD_5_63_Retinitis_pigmentosa-_juvenile_cataract-_short_stature-_intellectual_disability_syndrome"	"Orphanet:436245"
<http://www.semanticweb.org/msh/ontologies/2023/1/IRD#Retinitis_pigmentosa-deafness_syndrome>	"IRD_5_64_Retinitis_pigmentosa-deafness_syndrome"	"UMLS:C0271097"
<http://www.semanticweb.org/msh/ontologies/2023/1/IRD#Retinitis_pigmentosa-deafness_syndrome>	"IRD_5_64_Retinitis_pigmentosa-deafness_syndrome"	"OMIM:500004"
<http://www.semanticweb.org/msh/ontologies/2023/1/IRD#Retinitis_pigmentosa-deafness_syndrome>	"IRD_5_64_Retinitis_pigmentosa-deafness_syndrome"	"Orphanet:886"
<http://www.semanticweb.org/msh/ontologies/2023/1/IRD#Retinitis_pigmentosa-deafness_syndrome>	"IRD_5_64_Retinitis_pigmentosa-deafness_syndrome"	"SCTID:57838006"
<http://www.semanticweb.org/msh/ontologies/2023/1/IRD#Retinitis_pigmentosa_82_with_or_without_situs_inversus;_RP82>	"IRD_5_58_Retinitis_pigmentosa_82_with_or_without_situs_inversus;_RP82"	"UMLS:C4747737"
<http://www.semanticweb.org/msh/ontologies/2023/1/IRD#Retinitis_pigmentosa_82_with_or_without_situs_inversus;_RP82>	"IRD_5_58_Retinitis_pigmentosa_82_with_or_without_situs_inversus;_RP82"	"OMIM:615434"
<http://www.semanticweb.org/msh/ontologies/2023/1/IRD#Retinitis_pigmentosa_and_erythrocytic_microcytosis;_RPEM>	"IRD_5_59_Retinitis_pigmentosa_and_erythrocytic_microcytosis;_RPEM"	"UMLS:C4310776"
<http://www.semanticweb.org/msh/ontologies/2023/1/IRD#Retinitis_pigmentosa_and_erythrocytic_microcytosis;_RPEM>	"IRD_5_59_Retinitis_pigmentosa_and_erythrocytic_microcytosis;_RPEM"	"OMIM:616959"
<http://www.semanticweb.org/msh/ontologies/2023/1/IRD#Retinitis_pigmentosa_inversa_with_deafness>	"IRD_5_60_Retinitis_pigmentosa_inversa_with_deafness"	"UMLS:C1849405"
<http://www.semanticweb.org/msh/ontologies/2023/1/IRD#Retinitis_pigmentosa_inversa_with_deafness>	"IRD_5_60_Retinitis_pigmentosa_inversa_with_deafness"	"OMIM:"
<http://www.semanticweb.org/msh/ontologies/2023/1/IRD#Retinitis_punctata_albescens>	"IRD_1_1_1_Retinitis_punctata_albescens"	"UMLS:C1405854"
<http://www.semanticweb.org/msh/ontologies/2023/1/IRD#Retinitis_punctata_albescens>	"IRD_1_1_1_Retinitis_punctata_albescens"	"ICD11:9B70"
<http://www.semanticweb.org/msh/ontologies/2023/1/IRD#Retinitis_punctata_albescens>	"IRD_1_1_1_Retinitis_punctata_albescens"	"OMIM:136880"
<http://www.semanticweb.org/msh/ontologies/2023/1/IRD#Retinitis_punctata_albescens>	"IRD_1_1_1_Retinitis_punctata_albescens"	"Orphanet:52427"
<http://www.semanticweb.org/msh/ontologies/2023/1/IRD#Retinitis_punctata_albescens>	"IRD_1_1_1_Retinitis_punctata_albescens"	"SCTID:715562001"
<http://www.semanticweb.org/msh/ontologies/2023/1/IRD#Retinopathy,_pericentral_pigmentary,_autosomal_recessive>	"IRD_1_1_2_1_Retinopathy,_pericentral_pigmentary,_autosomal_recessive"	"UMLS:C1849398"
<http://www.semanticweb.org/msh/ontologies/2023/1/IRD#Retinopathy,_pericentral_pigmentary,_autosomal_recessive>	"IRD_1_1_2_1_Retinopathy,_pericentral_pigmentary,_autosomal_recessive"	"OMIM:"
<http://www.semanticweb.org/msh/ontologies/2023/1/IRD#Retinopathy,_pericentral_pigmentary,_dominant>	"IRD_1_1_2_2_Retinopathy,_pericentral_pigmentary,_dominant"	"UMLS:C1867261"
<http://www.semanticweb.org/msh/ontologies/2023/1/IRD#Retinopathy,_pericentral_pigmentary,_dominant>	"IRD_1_1_2_2_Retinopathy,_pericentral_pigmentary,_dominant"	"OMIM:"
<http://www.semanticweb.org/msh/ontologies/2023/1/IRD#Rhizomelic_chondrodysplasia_punctata>	"IRD_5_50_1_Rhizomelic_chondrodysplasia_punctata"	"UMLS:C0282529"
<http://www.semanticweb.org/msh/ontologies/2023/1/IRD#Rhizomelic_chondrodysplasia_punctata>	"IRD_5_50_1_Rhizomelic_chondrodysplasia_punctata"	"ICD11:LD24.04"
<http://www.semanticweb.org/msh/ontologies/2023/1/IRD#Rhizomelic_chondrodysplasia_punctata>	"IRD_5_50_1_Rhizomelic_chondrodysplasia_punctata"	"Orphanet:177"
<http://www.semanticweb.org/msh/ontologies/2023/1/IRD#Rhizomelic_chondrodysplasia_punctata>	"IRD_5_50_1_Rhizomelic_chondrodysplasia_punctata"	"SCTID:56692003"
<http://www.semanticweb.org/msh/ontologies/2023/1/IRD#Rhizomelic_dysplasia,_scoliosis,_and_retinitis_pigmentosa>	"IRD_5_65_Rhizomelic_dysplasia,_scoliosis,_and_retinitis_pigmentosa"	"UMLS:C1853197"
<http://www.semanticweb.org/msh/ontologies/2023/1/IRD#Rhizomelic_dysplasia,_scoliosis,_and_retinitis_pigmentosa>	"IRD_5_65_Rhizomelic_dysplasia,_scoliosis,_and_retinitis_pigmentosa"	"OMIM:"
<http://www.semanticweb.org/msh/ontologies/2023/1/IRD#Rosah_syndrome>	"IRD_5_67_Rosah_syndrome"	"Orphanet:313800"
<http://www.semanticweb.org/msh/ontologies/2023/1/IRD#Scheie_syndrome>	"IRD_5_68_Scheie_syndrome"	"UMLS:C0026708"
<http://www.semanticweb.org/msh/ontologies/2023/1/IRD#Scheie_syndrome>	"IRD_5_68_Scheie_syndrome"	"ICD11:5C56.30"
<http://www.semanticweb.org/msh/ontologies/2023/1/IRD#Scheie_syndrome>	"IRD_5_68_Scheie_syndrome"	"OMIM:607016"
<http://www.semanticweb.org/msh/ontologies/2023/1/IRD#Scheie_syndrome>	"IRD_5_68_Scheie_syndrome"	"Orphanet:93474"
<http://www.semanticweb.org/msh/ontologies/2023/1/IRD#Scheie_syndrome>	"IRD_5_68_Scheie_syndrome"	"SCTID:73123008"
<http://www.semanticweb.org/msh/ontologies/2023/1/IRD#Senior-Loken_syndrome>	"IRD_5_69_Senior-Loken_syndrome"	"UMLS:C0403553"
<http://www.semanticweb.org/msh/ontologies/2023/1/IRD#Senior-Loken_syndrome>	"IRD_5_69_Senior-Loken_syndrome"	"ICD11:9B70"
<http://www.semanticweb.org/msh/ontologies/2023/1/IRD#Senior-Loken_syndrome>	"IRD_5_69_Senior-Loken_syndrome"	"Orphanet:3156"
<http://www.semanticweb.org/msh/ontologies/2023/1/IRD#Senior-Loken_syndrome>	"IRD_5_69_Senior-Loken_syndrome"	"SCTID:236531005"
<http://www.semanticweb.org/msh/ontologies/2023/1/IRD#Severe_early_childhood_onset_retinal_dystrophy>	"IRD_1_3_Severe_early_childhood_onset_retinal_dystrophy"	"UMLS:C4274354"
<http://www.semanticweb.org/msh/ontologies/2023/1/IRD#Severe_early_childhood_onset_retinal_dystrophy>	"IRD_1_3_Severe_early_childhood_onset_retinal_dystrophy"	"Orphanet:364055"
<http://www.semanticweb.org/msh/ontologies/2023/1/IRD#Severe_early_childhood_onset_retinal_dystrophy>	"IRD_1_3_Severe_early_childhood_onset_retinal_dystrophy"	"SCTID:716663009"
<http://www.semanticweb.org/msh/ontologies/2023/1/IRD#Sjögren-Larsson_syndrome;_SLS>	"IRD_5_71_Sjögren-Larsson_syndrome;_SLS"	"UMLS:C0037231"
<http://www.semanticweb.org/msh/ontologies/2023/1/IRD#Sjögren-Larsson_syndrome;_SLS>	"IRD_5_71_Sjögren-Larsson_syndrome;_SLS"	"ICD11:5C52.03"
<http://www.semanticweb.org/msh/ontologies/2023/1/IRD#Sjögren-Larsson_syndrome;_SLS>	"IRD_5_71_Sjögren-Larsson_syndrome;_SLS"	"OMIM:270200"
<http://www.semanticweb.org/msh/ontologies/2023/1/IRD#Sjögren-Larsson_syndrome;_SLS>	"IRD_5_71_Sjögren-Larsson_syndrome;_SLS"	"Orphanet:816"
<http://www.semanticweb.org/msh/ontologies/2023/1/IRD#Sjögren-Larsson_syndrome;_SLS>	"IRD_5_71_Sjögren-Larsson_syndrome;_SLS"	"SCTID:111303009"
<http://www.semanticweb.org/msh/ontologies/2023/1/IRD#Skeletal_dysplasia,_rhizomelic,_with_retinitis_pigmentosa>	"IRD_5_72_Skeletal_dysplasia,_rhizomelic,_with_retinitis_pigmentosa"	"UMLS:C1836898"
<http://www.semanticweb.org/msh/ontologies/2023/1/IRD#Skeletal_dysplasia,_rhizomelic,_with_retinitis_pigmentosa>	"IRD_5_72_Skeletal_dysplasia,_rhizomelic,_with_retinitis_pigmentosa"	"OMIM:"
<http://www.semanticweb.org/msh/ontologies/2023/1/IRD#Sorsby_pseudoinflammatory_fundus_dystrophy>	"IRD_2_4_Sorsby_pseudoinflammatory_fundus_dystrophy"	"UMLS:C1850938"
<http://www.semanticweb.org/msh/ontologies/2023/1/IRD#Sorsby_pseudoinflammatory_fundus_dystrophy>	"IRD_2_4_Sorsby_pseudoinflammatory_fundus_dystrophy"	"OMIM:136900"
<http://www.semanticweb.org/msh/ontologies/2023/1/IRD#Sorsby_pseudoinflammatory_fundus_dystrophy>	"IRD_2_4_Sorsby_pseudoinflammatory_fundus_dystrophy"	"Orphanet:59181"
<http://www.semanticweb.org/msh/ontologies/2023/1/IRD#Sorsby_pseudoinflammatory_fundus_dystrophy>	"IRD_2_4_Sorsby_pseudoinflammatory_fundus_dystrophy"	"SCTID:193410003"
<http://www.semanticweb.org/msh/ontologies/2023/1/IRD#Spastic_quadriplegia,_retinitis_pigmentosa,_and_mental_retardation>	"IRD_5_73_Spastic_quadriplegia,_retinitis_pigmentosa,_and_mental_retardation"	"UMLS:C1849112"
<http://www.semanticweb.org/msh/ontologies/2023/1/IRD#Spastic_quadriplegia,_retinitis_pigmentosa,_and_mental_retardation>	"IRD_5_73_Spastic_quadriplegia,_retinitis_pigmentosa,_and_mental_retardation"	"OMIM:"
<http://www.semanticweb.org/msh/ontologies/2023/1/IRD#Spastic_quadriplegia,_retinitis_pigmentosa,_and_mental_retardation>	"IRD_5_73_Spastic_quadriplegia,_retinitis_pigmentosa,_and_mental_retardation"	"Orphanet:3011"
<http://www.semanticweb.org/msh/ontologies/2023/1/IRD#Spastic_quadriplegia,_retinitis_pigmentosa,_and_mental_retardation>	"IRD_5_73_Spastic_quadriplegia,_retinitis_pigmentosa,_and_mental_retardation"	"SCTID:723621000"
<http://www.semanticweb.org/msh/ontologies/2023/1/IRD#Spastic_tetraplegia-_retinitis_pigmentosa-_intellectual_disability_syndrome>	"IRD_5_74_Spastic_tetraplegia-_retinitis_pigmentosa-_intellectual_disability_syndrome"	"UMLS:C4509974"
<http://www.semanticweb.org/msh/ontologies/2023/1/IRD#Spastic_tetraplegia-_retinitis_pigmentosa-_intellectual_disability_syndrome>	"IRD_5_74_Spastic_tetraplegia-_retinitis_pigmentosa-_intellectual_disability_syndrome"	"Orphanet:3011"
<http://www.semanticweb.org/msh/ontologies/2023/1/IRD#Spastic_tetraplegia-_retinitis_pigmentosa-_intellectual_disability_syndrome>	"IRD_5_74_Spastic_tetraplegia-_retinitis_pigmentosa-_intellectual_disability_syndrome"	"SCTID:723621000"
<http://www.semanticweb.org/msh/ontologies/2023/1/IRD#Stargardt_disease>	"IRD_2_1_1_Stargardt_disease"	"UMLS:C0271093"
<http://www.semanticweb.org/msh/ontologies/2023/1/IRD#Stargardt_disease>	"IRD_2_1_1_Stargardt_disease"	"ICD11:9B70"
<http://www.semanticweb.org/msh/ontologies/2023/1/IRD#Stargardt_disease>	"IRD_2_1_1_Stargardt_disease"	"SCTID:70099003"
<http://www.semanticweb.org/msh/ontologies/2023/1/IRD#Usher_syndrome>	"IRD_5_75_Usher_syndrome"	"UMLS:C0271097"
<http://www.semanticweb.org/msh/ontologies/2023/1/IRD#Usher_syndrome>	"IRD_5_75_Usher_syndrome"	"ICD11:LD2H.4"
<http://www.semanticweb.org/msh/ontologies/2023/1/IRD#Usher_syndrome>	"IRD_5_75_Usher_syndrome"	"Orphanet:886"
<http://www.semanticweb.org/msh/ontologies/2023/1/IRD#Usher_syndrome>	"IRD_5_75_Usher_syndrome"	"SCTID:57838006"
<http://www.semanticweb.org/msh/ontologies/2023/1/IRD#Usher_syndrome-_Type_1>	"IRD_5_75_1_Usher_syndrome-_Type_1"	"UMLS:C0339533"
<http://www.semanticweb.org/msh/ontologies/2023/1/IRD#Usher_syndrome-_Type_1>	"IRD_5_75_1_Usher_syndrome-_Type_1"	"ICD11:LD2H.4"
<http://www.semanticweb.org/msh/ontologies/2023/1/IRD#Usher_syndrome-_Type_1>	"IRD_5_75_1_Usher_syndrome-_Type_1"	"Orphanet:231169"
<http://www.semanticweb.org/msh/ontologies/2023/1/IRD#Usher_syndrome-_Type_1>	"IRD_5_75_1_Usher_syndrome-_Type_1"	"SCTID:232057003"
<http://www.semanticweb.org/msh/ontologies/2023/1/IRD#Usher_syndrome-_Type_2>	"IRD_5_75_2_Usher_syndrome-_Type_2"	"UMLS:C0339534"
<http://www.semanticweb.org/msh/ontologies/2023/1/IRD#Usher_syndrome-_Type_2>	"IRD_5_75_2_Usher_syndrome-_Type_2"	"Orphanet:231178"
<http://www.semanticweb.org/msh/ontologies/2023/1/IRD#Usher_syndrome-_Type_2>	"IRD_5_75_2_Usher_syndrome-_Type_2"	"SCTID:232058008"
<http://www.semanticweb.org/msh/ontologies/2023/1/IRD#Usher_syndrome-_Type_3>	"IRD_5_75_3_Usher_syndrome-_Type_3"	"UMLS:C1568248"
<http://www.semanticweb.org/msh/ontologies/2023/1/IRD#Usher_syndrome-_Type_3>	"IRD_5_75_3_Usher_syndrome-_Type_3"	"Orphanet:231183"
<http://www.semanticweb.org/msh/ontologies/2023/1/IRD#Usher_syndrome-_Type_3>	"IRD_5_75_3_Usher_syndrome-_Type_3"	"SCTID:1010610007"
<http://www.semanticweb.org/msh/ontologies/2023/1/IRD#Vitelliform_degenerations>	"IRD_2_2_Vitelliform_degenerations"	"UMLS:C0339510"
<http://www.semanticweb.org/msh/ontologies/2023/1/IRD#Vitelliform_degenerations>	"IRD_2_2_Vitelliform_degenerations"	"ICD11:9B70"
<http://www.semanticweb.org/msh/ontologies/2023/1/IRD#Vitelliform_degenerations>	"IRD_2_2_Vitelliform_degenerations"	"SCTID:90036004"
<http://www.semanticweb.org/msh/ontologies/2023/1/IRD#X-_linked_intellectual_disability_-_retinitis_pigmentosa_syndrome>	"IRD_5_76_X-_linked_intellectual_disability_-_retinitis_pigmentosa_syndrome"	"UMLS:C0795873"
<http://www.semanticweb.org/msh/ontologies/2023/1/IRD#X-_linked_intellectual_disability_-_retinitis_pigmentosa_syndrome>	"IRD_5_76_X-_linked_intellectual_disability_-_retinitis_pigmentosa_syndrome"	"OMIM:300578"
<http://www.semanticweb.org/msh/ontologies/2023/1/IRD#X-_linked_intellectual_disability_-_retinitis_pigmentosa_syndrome>	"IRD_5_76_X-_linked_intellectual_disability_-_retinitis_pigmentosa_syndrome"	"Orphanet:85332"
<http://www.semanticweb.org/msh/ontologies/2023/1/IRD#X-_linked_intellectual_disability_-_retinitis_pigmentosa_syndrome>	"IRD_5_76_X-_linked_intellectual_disability_-_retinitis_pigmentosa_syndrome"	"SCTID:719808002"
<http://www.semanticweb.org/msh/ontologies/2023/1/IRD#X-_linked_intellectual_disability_limb_spasticity_retinal_dystrophy-_diabetes_insipidus_syndrome>	"IRD_5_77_X-_linked_intellectual_disability_limb_spasticity_retinal_dystrophy-_diabetes_insipidus_syndrome"	"UMLS:C4517296"
<http://www.semanticweb.org/msh/ontologies/2023/1/IRD#X-_linked_intellectual_disability_limb_spasticity_retinal_dystrophy-_diabetes_insipidus_syndrome>	"IRD_5_77_X-_linked_intellectual_disability_limb_spasticity_retinal_dystrophy-_diabetes_insipidus_syndrome"	"Orphanet:423479"
<http://www.semanticweb.org/msh/ontologies/2023/1/IRD#X-_linked_intellectual_disability_limb_spasticity_retinal_dystrophy-_diabetes_insipidus_syndrome>	"IRD_5_77_X-_linked_intellectual_disability_limb_spasticity_retinal_dystrophy-_diabetes_insipidus_syndrome"	"SCTID:732246009"
<http://www.semanticweb.org/msh/ontologies/2023/1/IRD#X-_linked_retinal_dysplasia>	"IRD_5_78_X-_linked_retinal_dysplasia"	"UMLS:C4275241"
<http://www.semanticweb.org/msh/ontologies/2023/1/IRD#X-_linked_retinal_dysplasia>	"IRD_5_78_X-_linked_retinal_dysplasia"	"OMIM:"
<http://www.semanticweb.org/msh/ontologies/2023/1/IRD#X-_linked_retinal_dysplasia>	"IRD_5_78_X-_linked_retinal_dysplasia"	"Orphanet:1852"
<http://www.semanticweb.org/msh/ontologies/2023/1/IRD#X-_linked_retinal_dysplasia>	"IRD_5_78_X-_linked_retinal_dysplasia"	"SCTID:715240000"
<http://www.semanticweb.org/msh/ontologies/2023/1/IRD#X-linked_cone_dysfunction_syndrome_with_myopia_(Bornholm_Eye_Disease)>	"IRD_6_2_3_X-linked_cone_dysfunction_syndrome_with_myopia_(Bornholm_Eye_Disease)"	"UMLS:C3159311"
<http://www.semanticweb.org/msh/ontologies/2023/1/IRD#X-linked_cone_dysfunction_syndrome_with_myopia_(Bornholm_Eye_Disease)>	"IRD_6_2_3_X-linked_cone_dysfunction_syndrome_with_myopia_(Bornholm_Eye_Disease)"	"ICD11:9B70"
<http://www.semanticweb.org/msh/ontologies/2023/1/IRD#X-linked_cone_dysfunction_syndrome_with_myopia_(Bornholm_Eye_Disease)>	"IRD_6_2_3_X-linked_cone_dysfunction_syndrome_with_myopia_(Bornholm_Eye_Disease)"	"OMIM:300843"
<http://www.semanticweb.org/msh/ontologies/2023/1/IRD#X-linked_cone_dysfunction_syndrome_with_myopia_(Bornholm_Eye_Disease)>	"IRD_6_2_3_X-linked_cone_dysfunction_syndrome_with_myopia_(Bornholm_Eye_Disease)"	"Orphanet:90001"
<http://www.semanticweb.org/msh/ontologies/2023/1/IRD#X-linked_cone_dysfunction_syndrome_with_myopia_(Bornholm_Eye_Disease)>	"IRD_6_2_3_X-linked_cone_dysfunction_syndrome_with_myopia_(Bornholm_Eye_Disease)"	"SCTID:718718009"
<http://www.semanticweb.org/msh/ontologies/2023/1/IRD#X-linked_retinoschisis>	"IRD_4_1_X-linked_retinoschisis"	"UMLS:C0271091"
<http://www.semanticweb.org/msh/ontologies/2023/1/IRD#X-linked_retinoschisis>	"IRD_4_1_X-linked_retinoschisis"	"ICD11:9B73.11"
<http://www.semanticweb.org/msh/ontologies/2023/1/IRD#X-linked_retinoschisis>	"IRD_4_1_X-linked_retinoschisis"	"OMIM:312700"
<http://www.semanticweb.org/msh/ontologies/2023/1/IRD#X-linked_retinoschisis>	"IRD_4_1_X-linked_retinoschisis"	"Orphanet:792"
<http://www.semanticweb.org/msh/ontologies/2023/1/IRD#X-linked_retinoschisis>	"IRD_4_1_X-linked_retinoschisis"	"SCTID:86923008"
<http://www.semanticweb.org/msh/ontologies/2023/1/IRD#Zellweger>	"IRD_5_50_3_Zellweger"	"UMLS:C0043459"
<http://www.semanticweb.org/msh/ontologies/2023/1/IRD#Zellweger>	"IRD_5_50_3_Zellweger"	"ICD11:5C57.0"
<http://www.semanticweb.org/msh/ontologies/2023/1/IRD#Zellweger>	"IRD_5_50_3_Zellweger"	"Orphanet:912"
<http://www.semanticweb.org/msh/ontologies/2023/1/IRD#Zellweger>	"IRD_5_50_3_Zellweger"	"SCTID:88469006"
